
> build:locale
> node scripts/build-locale.mjs te


> build
> npm run build:social && npm run port && astro build && node scripts/assemble-static.mjs


> build:social
> node scripts/build-og-image.mjs

Fontconfig error: Cannot load default config file: File not found
public/brand/social/catppuccin.png - 83 field cells, 13 kB
public/brand/social/catppuccin-latte.png - 83 field cells, 12 kB
public/brand/social/ethereal.png - 83 field cells, 12 kB
public/brand/social/everforest.png - 83 field cells, 13 kB
public/brand/social/flexoki-light.png - 83 field cells, 12 kB
public/brand/social/gruvbox.png - 83 field cells, 13 kB
public/brand/social/hackerman.png - 83 field cells, 12 kB
public/brand/social/kanagawa.png - 83 field cells, 13 kB
public/brand/social/last-horizon.png - 83 field cells, 12 kB
public/brand/social/lumon.png - 83 field cells, 12 kB
public/brand/social/lupine.png - 83 field cells, 13 kB
public/brand/social/matte-black.png - 83 field cells, 12 kB
public/brand/social/miasma.png - 83 field cells, 12 kB
public/brand/social/nord.png - 83 field cells, 12 kB
public/brand/social/osaka-jade.png - 83 field cells, 12 kB
public/brand/social/retro-82.png - 83 field cells, 12 kB
public/brand/social/ristretto.png - 83 field cells, 12 kB
public/brand/social/rose-pine.png - 83 field cells, 12 kB
public/brand/social/solitude.png - 83 field cells, 12 kB
public/brand/social/tokyo-night.png - 83 field cells, 12 kB
public/brand/social/vantablack.png - 83 field cells, 13 kB
public/brand/social/white.png - 83 field cells, 13 kB

> port
> python3 scripts/port_content.py && node scripts/meetup-map.mjs

manual.json: 51 chapters
news-posts.json: 22 posts
pages.json: 14 pages
themes.json: 146 themes
teams.json: 4 teams, 20 people
patrons.json: 24 people
meetup-map.json: 173 countries, 62 pins, 1000x440
12:13:27 [types] Generated 112ms
12:13:27 [build] output: "static"
12:13:27 [build] mode: "static"
12:13:27 [build] directory: /private/tmp/omarchy-te-230/dist/te/
12:13:27 [build] Collecting build info...
12:13:27 [build] ✓ Completed in 139ms.
12:13:27 [build] Building static entrypoints...
12:13:27 [vite] ✓ built in 900ms
12:13:28 [vite] ✓ built in 188ms
12:13:28 [build] Rearranging server assets...

 generating static routes 
12:13:28   ├─ /404.html (+24ms) 
12:13:28   ├─ /data/search-index.json (+10ms) 
12:13:28   ├─ /manual/getting-started/index.html (+3ms) 
12:13:28   ├─ /manual/coming-from-mac-or-windows/index.html (+1ms) 
12:13:28   ├─ /manual/navigation/index.html (+0ms) 
12:13:28   ├─ /manual/the-top-bar/index.html (+0ms) 
12:13:28   ├─ /manual/themes/index.html (+1ms) 
12:13:28   ├─ /manual/hotkeys/index.html (+1ms) 
12:13:28   ├─ /manual/unified-clipboard-history/index.html (+1ms) 
12:13:28   ├─ /manual/reminders/index.html (+0ms) 
12:13:28   ├─ /manual/notices/index.html (+0ms) 
12:13:28   ├─ /manual/text-extraction-dictation/index.html (+0ms) 
12:13:28   ├─ /manual/screenshots-recording/index.html (+0ms) 
12:13:28   ├─ /manual/toggles-idle-screensaver/index.html (+0ms) 
12:13:28   ├─ /manual/omarchy-cli/index.html (+0ms) 
12:13:28   ├─ /manual/terminal/index.html (+0ms) 
12:13:28   ├─ /manual/neovim/index.html (+0ms) 
12:13:28   ├─ /manual/ai/index.html (+0ms) 
12:13:28   ├─ /manual/development-tools/index.html (+0ms) 
12:13:28   ├─ /manual/shell-tools/index.html (+0ms) 
12:13:28   ├─ /manual/shell-functions/index.html (+0ms) 
12:13:28   ├─ /manual/tuis/index.html (+0ms) 
12:13:28   ├─ /manual/guis/index.html (+0ms) 
12:13:28   ├─ /manual/browsers/index.html (+0ms) 
12:13:28   ├─ /manual/commercial-apps-services/index.html (+0ms) 
12:13:28   ├─ /manual/web-apps/index.html (+0ms) 
12:13:28   ├─ /manual/gaming/index.html (+0ms) 
12:13:28   ├─ /manual/filling-out-pdfs/index.html (+0ms) 
12:13:28   ├─ /manual/windows-vm/index.html (+0ms) 
12:13:28   ├─ /manual/other-packages/index.html (+0ms) 
12:13:28   ├─ /manual/updates/index.html (+0ms) 
12:13:28   ├─ /manual/dotfiles/index.html (+0ms) 
12:13:28   ├─ /manual/shell-plugins/index.html (+0ms) 
12:13:28   ├─ /manual/monitors/index.html (+0ms) 
12:13:28   ├─ /manual/keyboard-mouse-trackpad/index.html (+0ms) 
12:13:28   ├─ /manual/networking/index.html (+0ms) 
12:13:28   ├─ /manual/system-sleep/index.html (+0ms) 
12:13:28   ├─ /manual/hardware-authentication/index.html (+0ms) 
12:13:28   ├─ /manual/fonts/index.html (+0ms) 
12:13:28   ├─ /manual/backgrounds/index.html (+0ms) 
12:13:28   ├─ /manual/prompt/index.html (+0ms) 
12:13:28   ├─ /manual/branding/index.html (+0ms) 
12:13:28   ├─ /manual/common-tweaks/index.html (+0ms) 
12:13:28   ├─ /manual/making-your-own-theme/index.html (+0ms) 
12:13:28   ├─ /manual/mac-support/index.html (+0ms) 
12:13:28   ├─ /manual/troubleshooting/index.html (+0ms) 
12:13:28   ├─ /manual/faq/index.html (+0ms) 
12:13:28   ├─ /manual/system-snapshots/index.html (+0ms) 
12:13:28   ├─ /manual/security/index.html (+0ms) 
12:13:28   ├─ /manual/omarchy-on/index.html (+0ms) 
12:13:28   ├─ /manual/dual-boot-install/index.html (+0ms) 
12:13:28   ├─ /manual/unattended-installs/index.html (+0ms) 
12:13:28   ├─ /manual/index.html (+1ms) 
12:13:28   ├─ /meetups/index.html (+35ms) 
12:13:28   ├─ /news/2026/09/omacom-foundation-raises-another-half-a-million-dollars/index.html (+4ms) 
12:13:28   ├─ /news/2026/09/omarchy-org-redesign-launches-with-29-languages/index.html (+3ms) 
12:13:28   ├─ /news/2026/09/omacom-foundation-secures-tokens-from-leading-labs/index.html (+3ms) 
12:13:28   ├─ /news/2026/09/omacom-foundation-accelerates-spending-goals/index.html (+2ms) 
12:13:28   ├─ /news/2026/09/omacom-patronage-is-open-to-everyone/index.html (+2ms) 
12:13:28   ├─ /news/2026/09/omacom-foundation-hires-krzysztof-wilczynski/index.html (+2ms) 
12:13:28   ├─ /news/2026/09/quattro-crosses-200000-iso-downloads/index.html (+4ms) 
12:13:28   ├─ /news/2026/09/omacom-foundation-reaches-13-million/index.html (+2ms) 
12:13:28   ├─ /news/2026/08/1password-and-37signals-become-distinguished-corporate-patrons/index.html (+3ms) 
12:13:28   ├─ /news/2026/08/omacom-foundation-welcomes-brian-armstrong-and-yunjie-dai/index.html (+2ms) 
12:13:28   ├─ /news/2026/08/the-first-plugin-competition-winners/index.html (+2ms) 
12:13:28   ├─ /news/2026/08/100000-downloads-in-a-week/index.html (+2ms) 
12:13:28   ├─ /news/2026/08/introducing-omarchy-air/index.html (+2ms) 
12:13:28   ├─ /news/2026/08/introducing-the-omarchy-rangers/index.html (+2ms) 
12:13:28   ├─ /news/2026/08/omacom-foundation-to-be-premier-mise-sponsor/index.html (+2ms) 
12:13:28   ├─ /news/2026/08/omarchy-meetups-around-the-world/index.html (+2ms) 
12:13:28   ├─ /news/2026/08/omacom-foundation-to-be-premier-quickshell-sponsor/index.html (+2ms) 
12:13:28   ├─ /news/2026/08/omacom-foundation-funding-hits-10m/index.html (+2ms) 
12:13:28   ├─ /news/2026/08/omacom-foundation-launches-with-8-million/index.html (+2ms) 
12:13:28   ├─ /news/2026/08/omacom-foundation-to-be-exclusive-hyprland-sponsor/index.html (+2ms) 
12:13:28   ├─ /news/2026/08/the-first-plugin-competition/index.html (+3ms) 
12:13:28   ├─ /news/2026/09/the-omarchy-core-team/index.html (+2ms) 
12:13:28   ├─ /news/index.html (+3ms) 
12:13:28   ├─ /teams/index.html (+4ms) 
12:13:28   ├─ /themes/index.html (+4ms) 
12:13:28   ├─ /index.html (+71ms) 
12:13:28   ├─ /air/index.html (+3ms) 
12:13:28   ├─ /foundation/index.html (+2ms) 
12:13:28   ├─ /patrons/index.html (+3ms) 
12:13:28   ├─ /patrons/badges/index.html (+2ms) 
12:13:28   ├─ /security/index.html (+2ms) 
12:13:28   ├─ /security/credits/index.html (+2ms) 
12:13:28   ├─ /sponsorships/index.html (+2ms) 
12:13:28   ├─ /workstations/index.html (+3ms) 
12:13:28   ├─ /potato/index.html (+3ms) 
12:13:28   ├─ /server/index.html (+3ms) 
12:13:28   ├─ /omakub/index.html (+2ms) 
12:13:28   ├─ /brand/index.html (+2ms) 
12:13:28 ✓ Completed in 433ms.

12:13:28 [build] ✓ Completed in 1.56s.
12:13:28 [build] 91 page(s) built in 1.70s
12:13:28 [build] Complete!
assemble: from /private/tmp/omarchy-te-230
  + assets
  + install
  + install-dev
  + install-rc
  + upgrade-to-quattro
  + upgrade-to-quattro-dev
  + patch
  + .well-known
  + icon.svg
  + CNAME
  + .nojekyll
  + plans
  + screensaver
  + discord
  + news (6 files, pages left to the app)
  + manual (82 files, pages left to the app)
  + omakub (4 files, pages left to the app)
  + brand (7 files, pages left to the app)
  + /manual/toc/ -> /manual/ (redirect page)
  + /plugins/ -> https://plugins.omarchy.org/ (redirect page)
  + /plugins/explore/ -> https://plugins.omarchy.org/explore.html (redirect page)
  + /plugins/develop/ -> https://plugins.omarchy.org/develop.html (redirect page)
  + /plugins/publish/ -> https://plugins.omarchy.org/publish.html (redirect page)
  + /plugins/lacuna.shell-suite/ -> https://plugins.omarchy.org/plugin.html?id=lacuna.shell-suite (redirect page)
  + /plugins/omni/ -> https://plugins.omarchy.org/plugin.html?id=omni (redirect page)
  + /plugins/quickapps-hud/ -> https://plugins.omarchy.org/plugin.html?id=quickapps-hud (redirect page)
  + /plugins/cliamp/ -> https://plugins.omarchy.org/plugin.html?id=cliamp (redirect page)
  + /plugins/omarchy-overview/ -> https://plugins.omarchy.org/plugin.html?id=omarchy-overview (redirect page)
  + /plugins/dizziee.cline-model-usage/ -> https://plugins.omarchy.org/plugin.html?id=dizziee.cline-model-usage (redirect page)
  + /plugins/dizziee.opencode-model-usage/ -> https://plugins.omarchy.org/plugin.html?id=dizziee.opencode-model-usage (redirect page)
  + /plugins/dizziee.power-profiles/ -> https://plugins.omarchy.org/plugin.html?id=dizziee.power-profiles (redirect page)
  + /plugins/dizziee.system-updates/ -> https://plugins.omarchy.org/plugin.html?id=dizziee.system-updates (redirect page)
  + /plugins/dizziee.system-stats/ -> https://plugins.omarchy.org/plugin.html?id=dizziee.system-stats (redirect page)
  + /plugins/ericvrp.bar-autohide/ -> https://plugins.omarchy.org/plugin.html?id=ericvrp.bar-autohide (redirect page)
  + /plugins/stappmus.dell-power-profiles/ -> https://plugins.omarchy.org/plugin.html?id=stappmus.dell-power-profiles (redirect page)
  + /plugins/local.prayer-times/ -> https://plugins.omarchy.org/plugin.html?id=local.prayer-times (redirect page)
  + /plugins/io.github.elynch303.fan-monitor/ -> https://plugins.omarchy.org/plugin.html?id=io.github.elynch303.fan-monitor (redirect page)
  + /plugins/io.github.elynch303.security-scan/ -> https://plugins.omarchy.org/plugin.html?id=io.github.elynch303.security-scan (redirect page)
  + /plugins/pick.screenshot/ -> https://plugins.omarchy.org/plugin.html?id=pick.screenshot (redirect page)
  + /plugins/glafeara.wireguard/ -> https://plugins.omarchy.org/plugin.html?id=glafeara.wireguard (redirect page)
  + /plugins/io.github.dkgamer02ai.wallpaper-engine/ -> https://plugins.omarchy.org/plugin.html?id=io.github.dkgamer02ai.wallpaper-engine (redirect page)
  + /plugins/yuters.flight-radar/ -> https://plugins.omarchy.org/plugin.html?id=yuters.flight-radar (redirect page)
  + /plugins/markbusai.opencode-usage/ -> https://plugins.omarchy.org/plugin.html?id=markbusai.opencode-usage (redirect page)
  + /plugins/djjeane.docker-monitor/ -> https://plugins.omarchy.org/plugin.html?id=djjeane.docker-monitor (redirect page)
  + /plugins/bt.codecs/ -> https://plugins.omarchy.org/plugin.html?id=bt.codecs (redirect page)
  + /plugins/brianstarke.omp-usage/ -> https://plugins.omarchy.org/plugin.html?id=brianstarke.omp-usage (redirect page)
  + /plugins/nosignal.network-scan/ -> https://plugins.omarchy.org/plugin.html?id=nosignal.network-scan (redirect page)
  + /plugins/io.github.dkgamer02ai.lock/ -> https://plugins.omarchy.org/plugin.html?id=io.github.dkgamer02ai.lock (redirect page)
  + /plugins/taxin.cursor-style/ -> https://plugins.omarchy.org/plugin.html?id=taxin.cursor-style (redirect page)
  + /plugins/shell.settings/ -> https://plugins.omarchy.org/plugin.html?id=shell.settings (redirect page)
  + /plugins/perfektnacht.controller-launcher/ -> https://plugins.omarchy.org/plugin.html?id=perfektnacht.controller-launcher (redirect page)
  + /plugins/scottjones.flush-bar/ -> https://plugins.omarchy.org/plugin.html?id=scottjones.flush-bar (redirect page)
  + /plugins/hancore.shibumi/ -> https://plugins.omarchy.org/plugin.html?id=hancore.shibumi (redirect page)
  + /plugins/dev.deoxizn.devicebattstats/ -> https://plugins.omarchy.org/plugin.html?id=dev.deoxizn.devicebattstats (redirect page)
  + /plugins/othavi0.agent-bar/ -> https://plugins.omarchy.org/plugin.html?id=othavi0.agent-bar (redirect page)
  + /plugins/nille.elgato-keylight/ -> https://plugins.omarchy.org/plugin.html?id=nille.elgato-keylight (redirect page)
  + /plugins/felixzsh.codexbar/ -> https://plugins.omarchy.org/plugin.html?id=felixzsh.codexbar (redirect page)
  + /plugins/spacexrace.airvpn/ -> https://plugins.omarchy.org/plugin.html?id=spacexrace.airvpn (redirect page)
  + /plugins/jkoestinger.vpn/ -> https://plugins.omarchy.org/plugin.html?id=jkoestinger.vpn (redirect page)
  + /plugins/mirador/ -> https://plugins.omarchy.org/plugin.html?id=mirador (redirect page)
  + /plugins/oma.nearby/ -> https://plugins.omarchy.org/plugin.html?id=oma.nearby (redirect page)
  + /plugins/ssobhani.openrouter-usage/ -> https://plugins.omarchy.org/plugin.html?id=ssobhani.openrouter-usage (redirect page)
  + /plugins/io.github.fabean.herdr/ -> https://plugins.omarchy.org/plugin.html?id=io.github.fabean.herdr (redirect page)
  + /plugins/mrpbennett.fortivpn/ -> https://plugins.omarchy.org/plugin.html?id=mrpbennett.fortivpn (redirect page)
  + /plugins/io.weirdware.blueferry/ -> https://plugins.omarchy.org/plugin.html?id=io.weirdware.blueferry (redirect page)
  + /plugins/ky.jellyfin-nowplaying/ -> https://plugins.omarchy.org/plugin.html?id=ky.jellyfin-nowplaying (redirect page)
  + /plugins/deadline-timer/ -> https://plugins.omarchy.org/plugin.html?id=deadline-timer (redirect page)
  + /plugins/io.github.teevans.apple-tv-remote/ -> https://plugins.omarchy.org/plugin.html?id=io.github.teevans.apple-tv-remote (redirect page)
  + /plugins/hypr-type-flow/ -> https://plugins.omarchy.org/plugin.html?id=hypr-type-flow (redirect page)
  + /plugins/nille.emeet-pixy/ -> https://plugins.omarchy.org/plugin.html?id=nille.emeet-pixy (redirect page)
  + /plugins/ky.seerr-requests/ -> https://plugins.omarchy.org/plugin.html?id=ky.seerr-requests (redirect page)
  + /plugins/tmn73.calendar/ -> https://plugins.omarchy.org/plugin.html?id=tmn73.calendar (redirect page)
  + /plugins/hark/ -> https://plugins.omarchy.org/plugin.html?id=hark (redirect page)
  + /plugins/hass/ -> https://plugins.omarchy.org/plugin.html?id=hass (redirect page)
  + /plugins/b.okomart/ -> https://plugins.omarchy.org/plugin.html?id=b.okomart (redirect page)
  + /plugins/b.omastonk/ -> https://plugins.omarchy.org/plugin.html?id=b.omastonk (redirect page)
  + /plugins/ky.navidrome-remote/ -> https://plugins.omarchy.org/plugin.html?id=ky.navidrome-remote (redirect page)
  + /plugins/b.omahud/ -> https://plugins.omarchy.org/plugin.html?id=b.omahud (redirect page)
  + /plugins/b.codex-notifications/ -> https://plugins.omarchy.org/plugin.html?id=b.codex-notifications (redirect page)
  + /plugins/b.omaled/ -> https://plugins.omarchy.org/plugin.html?id=b.omaled (redirect page)
  + /plugins/b.omadoro/ -> https://plugins.omarchy.org/plugin.html?id=b.omadoro (redirect page)
  + /plugins/b.omanote/ -> https://plugins.omarchy.org/plugin.html?id=b.omanote (redirect page)
  + /plugins/b.peek/ -> https://plugins.omarchy.org/plugin.html?id=b.peek (redirect page)
  + /plugins/ky.nzbget-queue/ -> https://plugins.omarchy.org/plugin.html?id=ky.nzbget-queue (redirect page)
  + /plugins/b.blink/ -> https://plugins.omarchy.org/plugin.html?id=b.blink (redirect page)
  + /plugins/stappmus.activity-monitor/ -> https://plugins.omarchy.org/plugin.html?id=stappmus.activity-monitor (redirect page)
  + /plugins/matjam.omawall/ -> https://plugins.omarchy.org/plugin.html?id=matjam.omawall (redirect page)
  + /plugins/felixzsh.key-visualizer/ -> https://plugins.omarchy.org/plugin.html?id=felixzsh.key-visualizer (redirect page)
  + /plugins/io.github.ypmrg.fire-tv-remote/ -> https://plugins.omarchy.org/plugin.html?id=io.github.ypmrg.fire-tv-remote (redirect page)
  + /plugins/io.github.jalv13.roku/ -> https://plugins.omarchy.org/plugin.html?id=io.github.jalv13.roku (redirect page)
  + /plugins/ssandys.galley/ -> https://plugins.omarchy.org/plugin.html?id=ssandys.galley (redirect page)
  + /plugins/omaconnect/ -> https://plugins.omarchy.org/plugin.html?id=omaconnect (redirect page)
  + /plugins/next-key/ -> https://plugins.omarchy.org/plugin.html?id=next-key (redirect page)
  + /plugins/ilyazar.btop/ -> https://plugins.omarchy.org/plugin.html?id=ilyazar.btop (redirect page)
  + /plugins/saif.workspaces/ -> https://plugins.omarchy.org/plugin.html?id=saif.workspaces (redirect page)
  + /plugins/chrispository.omakeys/ -> https://plugins.omarchy.org/plugin.html?id=chrispository.omakeys (redirect page)
  + /plugins/saif.system-stats/ -> https://plugins.omarchy.org/plugin.html?id=saif.system-stats (redirect page)
  + /plugins/marcuspelo.omarqui/ -> https://plugins.omarchy.org/plugin.html?id=marcuspelo.omarqui (redirect page)
  + /plugins/io.github.ilyazar.keyboard-layout/ -> https://plugins.omarchy.org/plugin.html?id=io.github.ilyazar.keyboard-layout (redirect page)
  + /plugins/omasot/ -> https://plugins.omarchy.org/plugin.html?id=omasot (redirect page)
  + /plugins/esegnorelli.omacapy/ -> https://plugins.omarchy.org/plugin.html?id=esegnorelli.omacapy (redirect page)
  + /plugins/omabreathe/ -> https://plugins.omarchy.org/plugin.html?id=omabreathe (redirect page)
  + /plugins/matjam.omajam/ -> https://plugins.omarchy.org/plugin.html?id=matjam.omajam (redirect page)
  + /plugins/vitals/ -> https://plugins.omarchy.org/plugin.html?id=vitals (redirect page)
  + /plugins/io.github.znow01.veilleuse/ -> https://plugins.omarchy.org/plugin.html?id=io.github.znow01.veilleuse (redirect page)
  + /plugins/ssandys.colophon/ -> https://plugins.omarchy.org/plugin.html?id=ssandys.colophon (redirect page)
  + /plugins/markbusai.git-pulse/ -> https://plugins.omarchy.org/plugin.html?id=markbusai.git-pulse (redirect page)
  + /plugins/markbusking.pomodoro/ -> https://plugins.omarchy.org/plugin.html?id=markbusking.pomodoro (redirect page)
  + /plugins/codefriendly.nightman/ -> https://plugins.omarchy.org/plugin.html?id=codefriendly.nightman (redirect page)
  + /plugins/robzolkos.agent-usage/ -> https://plugins.omarchy.org/plugin.html?id=robzolkos.agent-usage (redirect page)
  + /plugins/io.github.asdecided.wayfinder/ -> https://plugins.omarchy.org/plugin.html?id=io.github.asdecided.wayfinder (redirect page)
  + /plugins/acrogenesis.theme-scheduler/ -> https://plugins.omarchy.org/plugin.html?id=acrogenesis.theme-scheduler (redirect page)
  + /plugins/dev.deoxizn.keybind-manager/ -> https://plugins.omarchy.org/plugin.html?id=dev.deoxizn.keybind-manager (redirect page)
  + /plugins/glafeara.languages/ -> https://plugins.omarchy.org/plugin.html?id=glafeara.languages (redirect page)
  + /plugins/com.aktivesolutions.bw-vault/ -> https://plugins.omarchy.org/plugin.html?id=com.aktivesolutions.bw-vault (redirect page)
  + /plugins/io.github.bmontythe3rd.display-manager/ -> https://plugins.omarchy.org/plugin.html?id=io.github.bmontythe3rd.display-manager (redirect page)
  + /plugins/vbrosseau.alttab/ -> https://plugins.omarchy.org/plugin.html?id=vbrosseau.alttab (redirect page)
  + /plugins/quickshell.spotify/ -> https://plugins.omarchy.org/plugin.html?id=quickshell.spotify (redirect page)
  + /plugins/crmne.mpris/ -> https://plugins.omarchy.org/plugin.html?id=crmne.mpris (redirect page)
  + /plugins/crmne.active-window/ -> https://plugins.omarchy.org/plugin.html?id=crmne.active-window (redirect page)
  + /plugins/io.github.pablo-merino.altswitch/ -> https://plugins.omarchy.org/plugin.html?id=io.github.pablo-merino.altswitch (redirect page)
  + /plugins/simple.dock/ -> https://plugins.omarchy.org/plugin.html?id=simple.dock (redirect page)
  + /plugins/local.opencode-go/ -> https://plugins.omarchy.org/plugin.html?id=local.opencode-go (redirect page)
  + /plugins/akshar.radio-atlas/ -> https://plugins.omarchy.org/plugin.html?id=akshar.radio-atlas (redirect page)
  + /plugins/robzolkos.github/ -> https://plugins.omarchy.org/plugin.html?id=robzolkos.github (redirect page)
  + /plugins/lia.folia-lyrics/ -> https://plugins.omarchy.org/plugin.html?id=lia.folia-lyrics (redirect page)
  + /plugins/io.github.sotoaugusto.ticktick/ -> https://plugins.omarchy.org/plugin.html?id=io.github.sotoaugusto.ticktick (redirect page)
  + /plugins/io.github.gardnmi.boomux/ -> https://plugins.omarchy.org/plugin.html?id=io.github.gardnmi.boomux (redirect page)
  + /plugins/multi-monitor.workspaces/ -> https://plugins.omarchy.org/plugin.html?id=multi-monitor.workspaces (redirect page)
  + /plugins/io.github.ypmrg.bambu-companion/ -> https://plugins.omarchy.org/plugin.html?id=io.github.ypmrg.bambu-companion (redirect page)
  + /plugins/hl.peripheral_battery/ -> https://plugins.omarchy.org/plugin.html?id=hl.peripheral_battery (redirect page)
  + /plugins/io.github.tomdavenport.cam-stream/ -> https://plugins.omarchy.org/plugin.html?id=io.github.tomdavenport.cam-stream (redirect page)
  + /plugins/andreasbylund.jellyfin/ -> https://plugins.omarchy.org/plugin.html?id=andreasbylund.jellyfin (redirect page)
  + /plugins/marcuspelo.omatulli/ -> https://plugins.omarchy.org/plugin.html?id=marcuspelo.omatulli (redirect page)
  + /plugins/io.github.tuthan.omarchy-lunar-calendar/ -> https://plugins.omarchy.org/plugin.html?id=io.github.tuthan.omarchy-lunar-calendar (redirect page)
  + /plugins/mdick.cloudflare/ -> https://plugins.omarchy.org/plugin.html?id=mdick.cloudflare (redirect page)
  + /plugins/crmne.hyprmoncfg/ -> https://plugins.omarchy.org/plugin.html?id=crmne.hyprmoncfg (redirect page)
  + /plugins/ky.kodi-remote/ -> https://plugins.omarchy.org/plugin.html?id=ky.kodi-remote (redirect page)
  + /plugins/mfellipeso.display-watcher/ -> https://plugins.omarchy.org/plugin.html?id=mfellipeso.display-watcher (redirect page)
  + /plugins/calebhat.read-aloud/ -> https://plugins.omarchy.org/plugin.html?id=calebhat.read-aloud (redirect page)
  + /plugins/io.github.treramey.raindrop-bookmarks/ -> https://plugins.omarchy.org/plugin.html?id=io.github.treramey.raindrop-bookmarks (redirect page)
  + /plugins/dorneles.lock-keys/ -> https://plugins.omarchy.org/plugin.html?id=dorneles.lock-keys (redirect page)
  + /plugins/ssupt.bluetooth-audio/ -> https://plugins.omarchy.org/plugin.html?id=ssupt.bluetooth-audio (redirect page)
  + /plugins/37signals.basecamp/ -> https://plugins.omarchy.org/plugin.html?id=37signals.basecamp (redirect page)
  + /plugins/ssupt.audio-control/ -> https://plugins.omarchy.org/plugin.html?id=ssupt.audio-control (redirect page)
  + /plugins/lobo.omaspaces/ -> https://plugins.omarchy.org/plugin.html?id=lobo.omaspaces (redirect page)
  + /plugins/vstoms.netbird/ -> https://plugins.omarchy.org/plugin.html?id=vstoms.netbird (redirect page)
  + /plugins/tmn73.jira/ -> https://plugins.omarchy.org/plugin.html?id=tmn73.jira (redirect page)
  + /plugins/white.nights/ -> https://plugins.omarchy.org/plugin.html?id=white.nights (redirect page)
  + /plugins/emiifont.github-search/ -> https://plugins.omarchy.org/plugin.html?id=emiifont.github-search (redirect page)
  + /plugins/maduki-tech.omado/ -> https://plugins.omarchy.org/plugin.html?id=maduki-tech.omado (redirect page)
  + /plugins/io.github.tuxmontero.ipscan/ -> https://plugins.omarchy.org/plugin.html?id=io.github.tuxmontero.ipscan (redirect page)
  + /plugins/io.github.brm-src.calendar-agenda/ -> https://plugins.omarchy.org/plugin.html?id=io.github.brm-src.calendar-agenda (redirect page)
  + /plugins/tharin.protonvpn/ -> https://plugins.omarchy.org/plugin.html?id=tharin.protonvpn (redirect page)
  + /plugins/modoterra.omabench/ -> https://plugins.omarchy.org/plugin.html?id=modoterra.omabench (redirect page)
  + /plugins/io.github.ilyazar.syncthing/ -> https://plugins.omarchy.org/plugin.html?id=io.github.ilyazar.syncthing (redirect page)
  + /plugins/akitaonrails.ai-usagebar/ -> https://plugins.omarchy.org/plugin.html?id=akitaonrails.ai-usagebar (redirect page)
  + /plugins/io.github.woogy7.tides/ -> https://plugins.omarchy.org/plugin.html?id=io.github.woogy7.tides (redirect page)
  + /plugins/cpu-net/ -> https://plugins.omarchy.org/plugin.html?id=cpu-net (redirect page)
  + /plugins/agx.screen-time/ -> https://plugins.omarchy.org/plugin.html?id=agx.screen-time (redirect page)
  + /plugins/sh.lerd.glance/ -> https://plugins.omarchy.org/plugin.html?id=sh.lerd.glance (redirect page)
  + /plugins/io.github.krongggggg.caffeine/ -> https://plugins.omarchy.org/plugin.html?id=io.github.krongggggg.caffeine (redirect page)
  + /plugins/io.github.sshbrian.comfyui-status/ -> https://plugins.omarchy.org/plugin.html?id=io.github.sshbrian.comfyui-status (redirect page)
  + /plugins/io.github.derluke.dual-monitor-workspaces/ -> https://plugins.omarchy.org/plugin.html?id=io.github.derluke.dual-monitor-workspaces (redirect page)
  + /plugins/io.github.mattflower.ddc-input-select/ -> https://plugins.omarchy.org/plugin.html?id=io.github.mattflower.ddc-input-select (redirect page)
  + /plugins/balazsorban44.keyboard-minimap/ -> https://plugins.omarchy.org/plugin.html?id=balazsorban44.keyboard-minimap (redirect page)
  + /plugins/intemporel/ -> https://plugins.omarchy.org/plugin.html?id=intemporel (redirect page)
  + /plugins/io.github.tyrichards.workspaces-jap/ -> https://plugins.omarchy.org/plugin.html?id=io.github.tyrichards.workspaces-jap (redirect page)
  + /plugins/io.github.weedwhitesandwine.omascratch/ -> https://plugins.omarchy.org/plugin.html?id=io.github.weedwhitesandwine.omascratch (redirect page)
  + /plugins/io.github.krongggggg.phone/ -> https://plugins.omarchy.org/plugin.html?id=io.github.krongggggg.phone (redirect page)
  + /plugins/gigasolo.fizzy/ -> https://plugins.omarchy.org/plugin.html?id=gigasolo.fizzy (redirect page)
  + /plugins/io.github.stevehnh.bible-verse-of-the-day/ -> https://plugins.omarchy.org/plugin.html?id=io.github.stevehnh.bible-verse-of-the-day (redirect page)
  + /plugins/kayleg.parcel/ -> https://plugins.omarchy.org/plugin.html?id=kayleg.parcel (redirect page)
  + /plugins/io.github.stevehnh.pia-vpn/ -> https://plugins.omarchy.org/plugin.html?id=io.github.stevehnh.pia-vpn (redirect page)
  + /plugins/avila.wled/ -> https://plugins.omarchy.org/plugin.html?id=avila.wled (redirect page)
  + /plugins/oma.pipelines/ -> https://plugins.omarchy.org/plugin.html?id=oma.pipelines (redirect page)
  + /plugins/io.github.cempack.songrec/ -> https://plugins.omarchy.org/plugin.html?id=io.github.cempack.songrec (redirect page)
  + /plugins/lgse.backdrop/ -> https://plugins.omarchy.org/plugin.html?id=lgse.backdrop (redirect page)
  + /plugins/io.github.cempack.omaspotify/ -> https://plugins.omarchy.org/plugin.html?id=io.github.cempack.omaspotify (redirect page)
  + /plugins/cucu0628.dashboard/ -> https://plugins.omarchy.org/plugin.html?id=cucu0628.dashboard (redirect page)
  + /plugins/io.github.salemsayed.omaonedrive/ -> https://plugins.omarchy.org/plugin.html?id=io.github.salemsayed.omaonedrive (redirect page)
  + /plugins/io.github.ilyazar.plugin-control/ -> https://plugins.omarchy.org/plugin.html?id=io.github.ilyazar.plugin-control (redirect page)
  + /plugins/sudhakar.tomatask/ -> https://plugins.omarchy.org/plugin.html?id=sudhakar.tomatask (redirect page)
  + /plugins/yoanntlm.sail/ -> https://plugins.omarchy.org/plugin.html?id=yoanntlm.sail (redirect page)
  + /plugins/io.github.davydotcom.mozilla-vpn/ -> https://plugins.omarchy.org/plugin.html?id=io.github.davydotcom.mozilla-vpn (redirect page)
  + /plugins/io.github.weedwhitesandwine.omazone/ -> https://plugins.omarchy.org/plugin.html?id=io.github.weedwhitesandwine.omazone (redirect page)
  + /plugins/io.github.thetrueferret.decent-workspaces/ -> https://plugins.omarchy.org/plugin.html?id=io.github.thetrueferret.decent-workspaces (redirect page)
  + /plugins/hancore.bongocat/ -> https://plugins.omarchy.org/plugin.html?id=hancore.bongocat (redirect page)
  + /plugins/oma.quake/ -> https://plugins.omarchy.org/plugin.html?id=oma.quake (redirect page)
  + /plugins/vighnesh.omanews/ -> https://plugins.omarchy.org/plugin.html?id=vighnesh.omanews (redirect page)
  + /plugins/io.github.woogy7.vitals/ -> https://plugins.omarchy.org/plugin.html?id=io.github.woogy7.vitals (redirect page)
  + /plugins/io.github.adityavijayvargiya01.coverglow/ -> https://plugins.omarchy.org/plugin.html?id=io.github.adityavijayvargiya01.coverglow (redirect page)
  + /plugins/svighnesh.pacman-sentry/ -> https://plugins.omarchy.org/plugin.html?id=svighnesh.pacman-sentry (redirect page)
  + /plugins/svighnesh.portboard/ -> https://plugins.omarchy.org/plugin.html?id=svighnesh.portboard (redirect page)
  + /plugins/pomodoro/ -> https://plugins.omarchy.org/plugin.html?id=pomodoro (redirect page)
  + /plugins/io.github.krongggggg.seoul-weather/ -> https://plugins.omarchy.org/plugin.html?id=io.github.krongggggg.seoul-weather (redirect page)
  + /plugins/aislandener.clickup/ -> https://plugins.omarchy.org/plugin.html?id=aislandener.clickup (redirect page)
  + /plugins/artemisa81.ivpn/ -> https://plugins.omarchy.org/plugin.html?id=artemisa81.ivpn (redirect page)
  + /plugins/carl.weather/ -> https://plugins.omarchy.org/plugin.html?id=carl.weather (redirect page)
  + /plugins/community.cn-input/ -> https://plugins.omarchy.org/plugin.html?id=community.cn-input (redirect page)
  + /plugins/shmall.lock/ -> https://plugins.omarchy.org/plugin.html?id=shmall.lock (redirect page)
  + /plugins/didlix.case-rgb/ -> https://plugins.omarchy.org/plugin.html?id=didlix.case-rgb (redirect page)
  + /plugins/io.github.salemsayed.omaprayers/ -> https://plugins.omarchy.org/plugin.html?id=io.github.salemsayed.omaprayers (redirect page)
  + /plugins/io.github.cempack.proton-pass/ -> https://plugins.omarchy.org/plugin.html?id=io.github.cempack.proton-pass (redirect page)
  + /plugins/io.github.keithnyc.omanetwatch/ -> https://plugins.omarchy.org/plugin.html?id=io.github.keithnyc.omanetwatch (redirect page)
  + /plugins/levi.youtube-music/ -> https://plugins.omarchy.org/plugin.html?id=levi.youtube-music (redirect page)
  + /plugins/vt.sun/ -> https://plugins.omarchy.org/plugin.html?id=vt.sun (redirect page)
  + /plugins/monorkin.voyager-disco/ -> https://plugins.omarchy.org/plugin.html?id=monorkin.voyager-disco (redirect page)
  + /plugins/murdi.named-workspaces/ -> https://plugins.omarchy.org/plugin.html?id=murdi.named-workspaces (redirect page)
  + /plugins/stappmus.lyrics/ -> https://plugins.omarchy.org/plugin.html?id=stappmus.lyrics (redirect page)
  + /plugins/io.github.ejuro.omi-the-cat/ -> https://plugins.omarchy.org/plugin.html?id=io.github.ejuro.omi-the-cat (redirect page)
  + /plugins/jonathan.gospel-of-the-day/ -> https://plugins.omarchy.org/plugin.html?id=jonathan.gospel-of-the-day (redirect page)
  + /plugins/io.github.haripako.omamusic/ -> https://plugins.omarchy.org/plugin.html?id=io.github.haripako.omamusic (redirect page)
  + /plugins/geertjohan.submap/ -> https://plugins.omarchy.org/plugin.html?id=geertjohan.submap (redirect page)
  + /plugins/equalizer/ -> https://plugins.omarchy.org/plugin.html?id=equalizer (redirect page)
  + /plugins/shavanced.notification-center/ -> https://plugins.omarchy.org/plugin.html?id=shavanced.notification-center (redirect page)
  + /plugins/anagrius.resume/ -> https://plugins.omarchy.org/plugin.html?id=anagrius.resume (redirect page)
  + /plugins/io.github.paul-paliychuk.portfolio-tracker/ -> https://plugins.omarchy.org/plugin.html?id=io.github.paul-paliychuk.portfolio-tracker (redirect page)
  + /plugins/dorneles.ambience/ -> https://plugins.omarchy.org/plugin.html?id=dorneles.ambience (redirect page)
  + /plugins/alvarosaavedra.agent-usage-zai-synthetic/ -> https://plugins.omarchy.org/plugin.html?id=alvarosaavedra.agent-usage-zai-synthetic (redirect page)
  + /plugins/mus.quran/ -> https://plugins.omarchy.org/plugin.html?id=mus.quran (redirect page)
  + /plugins/vulturetone.omascout/ -> https://plugins.omarchy.org/plugin.html?id=vulturetone.omascout (redirect page)
  + /plugins/io.github.rafaelvzago.linkding/ -> https://plugins.omarchy.org/plugin.html?id=io.github.rafaelvzago.linkding (redirect page)
  + /plugins/recurring-reminders/ -> https://plugins.omarchy.org/plugin.html?id=recurring-reminders (redirect page)
  + /plugins/io.github.gdesoutter.proxmox/ -> https://plugins.omarchy.org/plugin.html?id=io.github.gdesoutter.proxmox (redirect page)
  + /plugins/daan.uptime-kuma/ -> https://plugins.omarchy.org/plugin.html?id=daan.uptime-kuma (redirect page)
  + /plugins/jlopezxs.logitech-litra/ -> https://plugins.omarchy.org/plugin.html?id=jlopezxs.logitech-litra (redirect page)
  + /plugins/io.github.ricky.whatsapp/ -> https://plugins.omarchy.org/plugin.html?id=io.github.ricky.whatsapp (redirect page)
  + /plugins/im0001gt.hw-tooltip/ -> https://plugins.omarchy.org/plugin.html?id=im0001gt.hw-tooltip (redirect page)
  + /plugins/rosakodu.dock/ -> https://plugins.omarchy.org/plugin.html?id=rosakodu.dock (redirect page)
  + /plugins/local.warp/ -> https://plugins.omarchy.org/plugin.html?id=local.warp (redirect page)
  + /plugins/asdfsnlr.omarazer/ -> https://plugins.omarchy.org/plugin.html?id=asdfsnlr.omarazer (redirect page)
  + /plugins/ubeyidah.omaclock/ -> https://plugins.omarchy.org/plugin.html?id=ubeyidah.omaclock (redirect page)
  + /plugins/stappmus.stochi/ -> https://plugins.omarchy.org/plugin.html?id=stappmus.stochi (redirect page)
  + /plugins/devgtv.docker/ -> https://plugins.omarchy.org/plugin.html?id=devgtv.docker (redirect page)
  + /plugins/stappmus.udder/ -> https://plugins.omarchy.org/plugin.html?id=stappmus.udder (redirect page)
  + /plugins/mustafaokur.agent-leaderboard/ -> https://plugins.omarchy.org/plugin.html?id=mustafaokur.agent-leaderboard (redirect page)
  + /plugins/3lymn.plugin-drawer/ -> https://plugins.omarchy.org/plugin.html?id=3lymn.plugin-drawer (redirect page)
  + /plugins/pedrodrocha.purrpaper/ -> https://plugins.omarchy.org/plugin.html?id=pedrodrocha.purrpaper (redirect page)
  + /plugins/io.github.douglas.omarchy-kefctl/ -> https://plugins.omarchy.org/plugin.html?id=io.github.douglas.omarchy-kefctl (redirect page)
  + /plugins/mandavkarpranjal.cam-preview/ -> https://plugins.omarchy.org/plugin.html?id=mandavkarpranjal.cam-preview (redirect page)
  + /plugins/lobo.on-the-minute/ -> https://plugins.omarchy.org/plugin.html?id=lobo.on-the-minute (redirect page)
  + /plugins/io.github.rui-pedro-silva.cloudflare-warp/ -> https://plugins.omarchy.org/plugin.html?id=io.github.rui-pedro-silva.cloudflare-warp (redirect page)
  + /plugins/lgse.sandman/ -> https://plugins.omarchy.org/plugin.html?id=lgse.sandman (redirect page)
  + /plugins/dizziee.auto-wallpaper/ -> https://plugins.omarchy.org/plugin.html?id=dizziee.auto-wallpaper (redirect page)
  + /plugins/eduardodallecort.weather-radar/ -> https://plugins.omarchy.org/plugin.html?id=eduardodallecort.weather-radar (redirect page)
  + /plugins/io.github.justspica.omaguard/ -> https://plugins.omarchy.org/plugin.html?id=io.github.justspica.omaguard (redirect page)
  + /plugins/terminal.tetris/ -> https://plugins.omarchy.org/plugin.html?id=terminal.tetris (redirect page)
  + /plugins/andrewbacon.canon/ -> https://plugins.omarchy.org/plugin.html?id=andrewbacon.canon (redirect page)
  + /plugins/io.github.tuthan.dropdown-terminal/ -> https://plugins.omarchy.org/plugin.html?id=io.github.tuthan.dropdown-terminal (redirect page)
  + /plugins/io.github.brm-src.omawhy/ -> https://plugins.omarchy.org/plugin.html?id=io.github.brm-src.omawhy (redirect page)
  + /plugins/io.github.scottpruett.sticky-keys/ -> https://plugins.omarchy.org/plugin.html?id=io.github.scottpruett.sticky-keys (redirect page)
  + /plugins/io.github.roymckenzie.omarchy-matomo/ -> https://plugins.omarchy.org/plugin.html?id=io.github.roymckenzie.omarchy-matomo (redirect page)
  + /plugins/lucas.pomodoro/ -> https://plugins.omarchy.org/plugin.html?id=lucas.pomodoro (redirect page)
  + /plugins/ussego.otoru/ -> https://plugins.omarchy.org/plugin.html?id=ussego.otoru (redirect page)
  + /plugins/tristonarmstrong.dictionary/ -> https://plugins.omarchy.org/plugin.html?id=tristonarmstrong.dictionary (redirect page)
  + /plugins/ryanyogan.fizzy/ -> https://plugins.omarchy.org/plugin.html?id=ryanyogan.fizzy (redirect page)
  + /plugins/chagel.alternative-clock/ -> https://plugins.omarchy.org/plugin.html?id=chagel.alternative-clock (redirect page)
  + /plugins/realgbb.downloads/ -> https://plugins.omarchy.org/plugin.html?id=realgbb.downloads (redirect page)
  + /plugins/sebasgl23.minesweeper/ -> https://plugins.omarchy.org/plugin.html?id=sebasgl23.minesweeper (redirect page)
  + /plugins/io.github.randazraik.hijri-date/ -> https://plugins.omarchy.org/plugin.html?id=io.github.randazraik.hijri-date (redirect page)
  + /plugins/sebasgl23.snake/ -> https://plugins.omarchy.org/plugin.html?id=sebasgl23.snake (redirect page)
  + /plugins/ziryt.split-workspaces/ -> https://plugins.omarchy.org/plugin.html?id=ziryt.split-workspaces (redirect page)
  + /plugins/io.github.davydotcom.z13flow/ -> https://plugins.omarchy.org/plugin.html?id=io.github.davydotcom.z13flow (redirect page)
  + /plugins/aweiward.omaqbt/ -> https://plugins.omarchy.org/plugin.html?id=aweiward.omaqbt (redirect page)
  + /plugins/devgtv.menu-esc-back/ -> https://plugins.omarchy.org/plugin.html?id=devgtv.menu-esc-back (redirect page)
  + /plugins/alanfortlink.camera-effects/ -> https://plugins.omarchy.org/plugin.html?id=alanfortlink.camera-effects (redirect page)
  + /plugins/paulie420.vpn/ -> https://plugins.omarchy.org/plugin.html?id=paulie420.vpn (redirect page)
  + /plugins/gpatkinson.btc-price/ -> https://plugins.omarchy.org/plugin.html?id=gpatkinson.btc-price (redirect page)
  + /plugins/io.github.ancelik.omarchy-temporal/ -> https://plugins.omarchy.org/plugin.html?id=io.github.ancelik.omarchy-temporal (redirect page)
  + /plugins/network-speed/ -> https://plugins.omarchy.org/plugin.html?id=network-speed (redirect page)
  + /plugins/io.github.jonathanriche.verde/ -> https://plugins.omarchy.org/plugin.html?id=io.github.jonathanriche.verde (redirect page)
  + /plugins/io.github.wesleycole.google-drive/ -> https://plugins.omarchy.org/plugin.html?id=io.github.wesleycole.google-drive (redirect page)
  + /plugins/sisyphus.papyrus/ -> https://plugins.omarchy.org/plugin.html?id=sisyphus.papyrus (redirect page)
  + /plugins/yogeshojha.omafob/ -> https://plugins.omarchy.org/plugin.html?id=yogeshojha.omafob (redirect page)
  + /plugins/yordanbuilds.rig/ -> https://plugins.omarchy.org/plugin.html?id=yordanbuilds.rig (redirect page)
  + /plugins/io.github.keithnyc.omafmail/ -> https://plugins.omarchy.org/plugin.html?id=io.github.keithnyc.omafmail (redirect page)
  + /plugins/burninc0de.lock/ -> https://plugins.omarchy.org/plugin.html?id=burninc0de.lock (redirect page)
  + /plugins/io.github.balazsorban44.keybinding-coach/ -> https://plugins.omarchy.org/plugin.html?id=io.github.balazsorban44.keybinding-coach (redirect page)
  + /plugins/avila.cameras/ -> https://plugins.omarchy.org/plugin.html?id=avila.cameras (redirect page)
  + /plugins/io.github.haydenmckay.media-pip/ -> https://plugins.omarchy.org/plugin.html?id=io.github.haydenmckay.media-pip (redirect page)
  + /plugins/mustafaokur.hermes/ -> https://plugins.omarchy.org/plugin.html?id=mustafaokur.hermes (redirect page)
  + /plugins/io.github.nameless312.protonvpn/ -> https://plugins.omarchy.org/plugin.html?id=io.github.nameless312.protonvpn (redirect page)
  + /plugins/b.omashot/ -> https://plugins.omarchy.org/plugin.html?id=b.omashot (redirect page)
  + /plugins/io.github.rizmi.temperature/ -> https://plugins.omarchy.org/plugin.html?id=io.github.rizmi.temperature (redirect page)
  + /plugins/abhinav.hotcorners/ -> https://plugins.omarchy.org/plugin.html?id=abhinav.hotcorners (redirect page)
  + /plugins/jalv13.token-maxxer-hub/ -> https://plugins.omarchy.org/plugin.html?id=jalv13.token-maxxer-hub (redirect page)
  + /plugins/io.github.carloscarhmj.omarchy-menu-plus/ -> https://plugins.omarchy.org/plugin.html?id=io.github.carloscarhmj.omarchy-menu-plus (redirect page)
  + /plugins/razaroth.update-app-under-cursor/ -> https://plugins.omarchy.org/plugin.html?id=razaroth.update-app-under-cursor (redirect page)
  + /plugins/ussego.owarp/ -> https://plugins.omarchy.org/plugin.html?id=ussego.owarp (redirect page)
  + /plugins/aweiward.mullvad/ -> https://plugins.omarchy.org/plugin.html?id=aweiward.mullvad (redirect page)
  + /plugins/mateusfl.todoist/ -> https://plugins.omarchy.org/plugin.html?id=mateusfl.todoist (redirect page)
  + /plugins/farangkao.emojis-nerd/ -> https://plugins.omarchy.org/plugin.html?id=farangkao.emojis-nerd (redirect page)
  + /plugins/io.github.jethrojones.tile-manager/ -> https://plugins.omarchy.org/plugin.html?id=io.github.jethrojones.tile-manager (redirect page)
  + /plugins/sterre.speed-reader/ -> https://plugins.omarchy.org/plugin.html?id=sterre.speed-reader (redirect page)
  + /plugins/sterre.timers/ -> https://plugins.omarchy.org/plugin.html?id=sterre.timers (redirect page)
  + /plugins/mykcib.obsidian-quickedit/ -> https://plugins.omarchy.org/plugin.html?id=mykcib.obsidian-quickedit (redirect page)
  + /plugins/io.github.thisisgm.discord/ -> https://plugins.omarchy.org/plugin.html?id=io.github.thisisgm.discord (redirect page)
  + /plugins/io.github.ilyazar.cliamp/ -> https://plugins.omarchy.org/plugin.html?id=io.github.ilyazar.cliamp (redirect page)
  + /plugins/alvarosaavedra.dst-clocks/ -> https://plugins.omarchy.org/plugin.html?id=alvarosaavedra.dst-clocks (redirect page)
  + /plugins/io.github.edwardpayne.kube-status/ -> https://plugins.omarchy.org/plugin.html?id=io.github.edwardpayne.kube-status (redirect page)
  + /plugins/aac.openvpn/ -> https://plugins.omarchy.org/plugin.html?id=aac.openvpn (redirect page)
  + /plugins/hrzlgnm.headsetcontrol/ -> https://plugins.omarchy.org/plugin.html?id=hrzlgnm.headsetcontrol (redirect page)
  + /plugins/io.github.bscott.cliamp/ -> https://plugins.omarchy.org/plugin.html?id=io.github.bscott.cliamp (redirect page)
  + /plugins/dorneles.1440/ -> https://plugins.omarchy.org/plugin.html?id=dorneles.1440 (redirect page)
  + /plugins/io.github.nathanrgagnon.omawhoop/ -> https://plugins.omarchy.org/plugin.html?id=io.github.nathanrgagnon.omawhoop (redirect page)
  + /plugins/dorneles.omasaver/ -> https://plugins.omarchy.org/plugin.html?id=dorneles.omasaver (redirect page)
  + /plugins/ahasdemir.ai-grammar/ -> https://plugins.omarchy.org/plugin.html?id=ahasdemir.ai-grammar (redirect page)
  + /plugins/fchtngr.intellij-theme-sync/ -> https://plugins.omarchy.org/plugin.html?id=fchtngr.intellij-theme-sync (redirect page)
  + /plugins/io.github.peteonrails.omadex/ -> https://plugins.omarchy.org/plugin.html?id=io.github.peteonrails.omadex (redirect page)
  + /plugins/ourongxing.omash/ -> https://plugins.omarchy.org/plugin.html?id=ourongxing.omash (redirect page)
  + /plugins/sanjar.omnimedia/ -> https://plugins.omarchy.org/plugin.html?id=sanjar.omnimedia (redirect page)
  + /plugins/genesis/ -> https://plugins.omarchy.org/plugin.html?id=genesis (redirect page)
  + /plugins/syntaxboybe.git-switcher/ -> https://plugins.omarchy.org/plugin.html?id=syntaxboybe.git-switcher (redirect page)
  + /plugins/syntaxboybe.fluxcast/ -> https://plugins.omarchy.org/plugin.html?id=syntaxboybe.fluxcast (redirect page)
  + /plugins/rafael.omarchy-obsidian-panel/ -> https://plugins.omarchy.org/plugin.html?id=rafael.omarchy-obsidian-panel (redirect page)
  + /plugins/io.github.allstars101-sudo.dyson-air/ -> https://plugins.omarchy.org/plugin.html?id=io.github.allstars101-sudo.dyson-air (redirect page)
  + /plugins/grantabell.lock-fingerprint-on-enter/ -> https://plugins.omarchy.org/plugin.html?id=grantabell.lock-fingerprint-on-enter (redirect page)
  + /plugins/io.github.wesleycole.vercel/ -> https://plugins.omarchy.org/plugin.html?id=io.github.wesleycole.vercel (redirect page)
  + /plugins/unleashed-nick.tempest/ -> https://plugins.omarchy.org/plugin.html?id=unleashed-nick.tempest (redirect page)
  + /plugins/io.github.haydenmckay.theme-roulette/ -> https://plugins.omarchy.org/plugin.html?id=io.github.haydenmckay.theme-roulette (redirect page)
  + /plugins/yeleticc.vpn/ -> https://plugins.omarchy.org/plugin.html?id=yeleticc.vpn (redirect page)
  + /plugins/bobbynicholas.omaland/ -> https://plugins.omarchy.org/plugin.html?id=bobbynicholas.omaland (redirect page)
  + /plugins/longbridge.omarchy/ -> https://plugins.omarchy.org/plugin.html?id=longbridge.omarchy (redirect page)
  + /plugins/jesseburlamaque.herald-notification/ -> https://plugins.omarchy.org/plugin.html?id=jesseburlamaque.herald-notification (redirect page)
  + /plugins/io.github.monswiklund.workspace-presets/ -> https://plugins.omarchy.org/plugin.html?id=io.github.monswiklund.workspace-presets (redirect page)
  + /plugins/io.github.devdussey.search-bar/ -> https://plugins.omarchy.org/plugin.html?id=io.github.devdussey.search-bar (redirect page)
  + /plugins/oled.guard/ -> https://plugins.omarchy.org/plugin.html?id=oled.guard (redirect page)
  + /plugins/im0001gt.screens/ -> https://plugins.omarchy.org/plugin.html?id=im0001gt.screens (redirect page)
  + /plugins/io.github.thisisgm.omapods/ -> https://plugins.omarchy.org/plugin.html?id=io.github.thisisgm.omapods (redirect page)
  + /plugins/cdhananjay.menu-auto-open/ -> https://plugins.omarchy.org/plugin.html?id=cdhananjay.menu-auto-open (redirect page)
  + /plugins/terminal.2048/ -> https://plugins.omarchy.org/plugin.html?id=terminal.2048 (redirect page)
  + /plugins/yogeshojha.patro/ -> https://plugins.omarchy.org/plugin.html?id=yogeshojha.patro (redirect page)
  + /plugins/mka.asusrgb/ -> https://plugins.omarchy.org/plugin.html?id=mka.asusrgb (redirect page)
  + /plugins/jhgundersen.snake/ -> https://plugins.omarchy.org/plugin.html?id=jhgundersen.snake (redirect page)
  + /plugins/mmsbrggr.per-monitor-workspaces/ -> https://plugins.omarchy.org/plugin.html?id=mmsbrggr.per-monitor-workspaces (redirect page)
  + /plugins/io.github.promaaa.omamoney/ -> https://plugins.omarchy.org/plugin.html?id=io.github.promaaa.omamoney (redirect page)
  + /plugins/leyanora.libvirt/ -> https://plugins.omarchy.org/plugin.html?id=leyanora.libvirt (redirect page)
  + /plugins/yordanbuilds.jot/ -> https://plugins.omarchy.org/plugin.html?id=yordanbuilds.jot (redirect page)
  + /plugins/bibek.focusd/ -> https://plugins.omarchy.org/plugin.html?id=bibek.focusd (redirect page)
  + /plugins/io.github.tallsam.navbar-cat/ -> https://plugins.omarchy.org/plugin.html?id=io.github.tallsam.navbar-cat (redirect page)
  + /plugins/omatruco/ -> https://plugins.omarchy.org/plugin.html?id=omatruco (redirect page)
  + /plugins/arh.workspaces/ -> https://plugins.omarchy.org/plugin.html?id=arh.workspaces (redirect page)
  + /plugins/io.github.this-is-npc.dockmarchy/ -> https://plugins.omarchy.org/plugin.html?id=io.github.this-is-npc.dockmarchy (redirect page)
  + /plugins/io.github.filipechagas.omapin/ -> https://plugins.omarchy.org/plugin.html?id=io.github.filipechagas.omapin (redirect page)
  + /plugins/bpbagayas.renameable-workspaces/ -> https://plugins.omarchy.org/plugin.html?id=bpbagayas.renameable-workspaces (redirect page)
  + /plugins/com.github.djkawada.razer-control/ -> https://plugins.omarchy.org/plugin.html?id=com.github.djkawada.razer-control (redirect page)
  + /plugins/nosignal.quattrolitaire/ -> https://plugins.omarchy.org/plugin.html?id=nosignal.quattrolitaire (redirect page)
  + /plugins/net.dogdragon.homepage/ -> https://plugins.omarchy.org/plugin.html?id=net.dogdragon.homepage (redirect page)
  + /plugins/hermes.openrouter/ -> https://plugins.omarchy.org/plugin.html?id=hermes.openrouter (redirect page)
  + /plugins/io.github.chernicharo.voxtype-mode/ -> https://plugins.omarchy.org/plugin.html?id=io.github.chernicharo.voxtype-mode (redirect page)
  + /plugins/omarchy-media-control/ -> https://plugins.omarchy.org/plugin.html?id=omarchy-media-control (redirect page)
  + /plugins/tanzil.sysmon/ -> https://plugins.omarchy.org/plugin.html?id=tanzil.sysmon (redirect page)
  + /plugins/stefans.app-switcher/ -> https://plugins.omarchy.org/plugin.html?id=stefans.app-switcher (redirect page)
  + /plugins/io.github.nick-friedrich.hyprland-dock/ -> https://plugins.omarchy.org/plugin.html?id=io.github.nick-friedrich.hyprland-dock (redirect page)
  + /plugins/io.github.janhesters.focus/ -> https://plugins.omarchy.org/plugin.html?id=io.github.janhesters.focus (redirect page)
  + /plugins/io.github.rawritude.aria2/ -> https://plugins.omarchy.org/plugin.html?id=io.github.rawritude.aria2 (redirect page)
  + /plugins/com.github.djkawada.surfshark-vpn/ -> https://plugins.omarchy.org/plugin.html?id=com.github.djkawada.surfshark-vpn (redirect page)
  + /plugins/omarchy-favorite-folders/ -> https://plugins.omarchy.org/plugin.html?id=omarchy-favorite-folders (redirect page)
  + /plugins/io.github.msouza10.presshold/ -> https://plugins.omarchy.org/plugin.html?id=io.github.msouza10.presshold (redirect page)
  + /plugins/espi.lofi-radio/ -> https://plugins.omarchy.org/plugin.html?id=espi.lofi-radio (redirect page)
  + /plugins/io.github.rawritude.simple-hotspot/ -> https://plugins.omarchy.org/plugin.html?id=io.github.rawritude.simple-hotspot (redirect page)
  + /plugins/io.github.sirjul1337.lock-explorer/ -> https://plugins.omarchy.org/plugin.html?id=io.github.sirjul1337.lock-explorer (redirect page)
  + /plugins/io.github.bramvera.proton-vpn/ -> https://plugins.omarchy.org/plugin.html?id=io.github.bramvera.proton-vpn (redirect page)
  + /plugins/gennaro.hwmon/ -> https://plugins.omarchy.org/plugin.html?id=gennaro.hwmon (redirect page)
  + /plugins/io.github.olivoil.world-clock/ -> https://plugins.omarchy.org/plugin.html?id=io.github.olivoil.world-clock (redirect page)
  + /plugins/io.github.davidszp.omarchy-rclone/ -> https://plugins.omarchy.org/plugin.html?id=io.github.davidszp.omarchy-rclone (redirect page)
  + /plugins/chalkers.framework-microphone/ -> https://plugins.omarchy.org/plugin.html?id=chalkers.framework-microphone (redirect page)
  + /plugins/io.github.rawritude.dgpu-control/ -> https://plugins.omarchy.org/plugin.html?id=io.github.rawritude.dgpu-control (redirect page)
  + /plugins/io.github.achevalier-dev.yubikey/ -> https://plugins.omarchy.org/plugin.html?id=io.github.achevalier-dev.yubikey (redirect page)
  + /plugins/io.github.achevalier-dev.mullvad/ -> https://plugins.omarchy.org/plugin.html?id=io.github.achevalier-dev.mullvad (redirect page)
  + /plugins/kevinchiha.theme-colors/ -> https://plugins.omarchy.org/plugin.html?id=kevinchiha.theme-colors (redirect page)
  + /plugins/roymelgarv.omarchy-keyboard-cleaner/ -> https://plugins.omarchy.org/plugin.html?id=roymelgarv.omarchy-keyboard-cleaner (redirect page)
  + /plugins/io.github.smillunchick.aether-wallpapers/ -> https://plugins.omarchy.org/plugin.html?id=io.github.smillunchick.aether-wallpapers (redirect page)
  + /plugins/io.github.simasrazinskas.trading212/ -> https://plugins.omarchy.org/plugin.html?id=io.github.simasrazinskas.trading212 (redirect page)
  + /plugins/kjk.lks/ -> https://plugins.omarchy.org/plugin.html?id=kjk.lks (redirect page)
  + /plugins/io.github.guilhermeyo.mclovin/ -> https://plugins.omarchy.org/plugin.html?id=io.github.guilhermeyo.mclovin (redirect page)
  + /plugins/dlpwaters.qr-generator/ -> https://plugins.omarchy.org/plugin.html?id=dlpwaters.qr-generator (redirect page)
  + /plugins/turner-ps.chillhop/ -> https://plugins.omarchy.org/plugin.html?id=turner-ps.chillhop (redirect page)
  + /plugins/io.github.ajanraj.disposable-email/ -> https://plugins.omarchy.org/plugin.html?id=io.github.ajanraj.disposable-email (redirect page)
  + /plugins/lucchese.blackjack/ -> https://plugins.omarchy.org/plugin.html?id=lucchese.blackjack (redirect page)
  + /plugins/io.github.orienw.fresh-wallpaper/ -> https://plugins.omarchy.org/plugin.html?id=io.github.orienw.fresh-wallpaper (redirect page)
  + /plugins/chagel.window-tree/ -> https://plugins.omarchy.org/plugin.html?id=chagel.window-tree (redirect page)
  + /plugins/realgbb.flipnotes/ -> https://plugins.omarchy.org/plugin.html?id=realgbb.flipnotes (redirect page)
  + /plugins/swheel33.perfwatch/ -> https://plugins.omarchy.org/plugin.html?id=swheel33.perfwatch (redirect page)
  + /plugins/io.github.andy-spike.herdr-theme-sync/ -> https://plugins.omarchy.org/plugin.html?id=io.github.andy-spike.herdr-theme-sync (redirect page)
  + /plugins/io.github.echograv.mailnotifier/ -> https://plugins.omarchy.org/plugin.html?id=io.github.echograv.mailnotifier (redirect page)
  + /plugins/ricardo.app-scale/ -> https://plugins.omarchy.org/plugin.html?id=ricardo.app-scale (redirect page)
  + /plugins/k53n0.browser-picker/ -> https://plugins.omarchy.org/plugin.html?id=k53n0.browser-picker (redirect page)
  + /plugins/fr.ldng.caracteres-francais/ -> https://plugins.omarchy.org/plugin.html?id=fr.ldng.caracteres-francais (redirect page)
  + /plugins/melonamin.kefir/ -> https://plugins.omarchy.org/plugin.html?id=melonamin.kefir (redirect page)
  + /plugins/io.github.twiking.omatop/ -> https://plugins.omarchy.org/plugin.html?id=io.github.twiking.omatop (redirect page)
  + /plugins/chagel.workspace-tags/ -> https://plugins.omarchy.org/plugin.html?id=chagel.workspace-tags (redirect page)
  + /plugins/slcode777.tomato-timer/ -> https://plugins.omarchy.org/plugin.html?id=slcode777.tomato-timer (redirect page)
  + /plugins/marcuspelo.omatv/ -> https://plugins.omarchy.org/plugin.html?id=marcuspelo.omatv (redirect page)
  + /plugins/io.github.rolfkoenders.quickdex/ -> https://plugins.omarchy.org/plugin.html?id=io.github.rolfkoenders.quickdex (redirect page)
  + /plugins/famas.theme-extend/ -> https://plugins.omarchy.org/plugin.html?id=famas.theme-extend (redirect page)
  + /plugins/io.github.25cent9.lmstudio/ -> https://plugins.omarchy.org/plugin.html?id=io.github.25cent9.lmstudio (redirect page)
  + /plugins/io.github.vuhuy.clipboard-manager/ -> https://plugins.omarchy.org/plugin.html?id=io.github.vuhuy.clipboard-manager (redirect page)
  + /plugins/gpdenny.linear/ -> https://plugins.omarchy.org/plugin.html?id=gpdenny.linear (redirect page)
  + /plugins/dlpwaters.meditations/ -> https://plugins.omarchy.org/plugin.html?id=dlpwaters.meditations (redirect page)
  + /plugins/sol.buddy/ -> https://plugins.omarchy.org/plugin.html?id=sol.buddy (redirect page)
  + /plugins/mspori.tresorit/ -> https://plugins.omarchy.org/plugin.html?id=mspori.tresorit (redirect page)
  + /plugins/kuki/ -> https://plugins.omarchy.org/plugin.html?id=kuki (redirect page)
  + /plugins/artemisa81.wordsmith/ -> https://plugins.omarchy.org/plugin.html?id=artemisa81.wordsmith (redirect page)
  + /plugins/io.github.fishmacc.omahome/ -> https://plugins.omarchy.org/plugin.html?id=io.github.fishmacc.omahome (redirect page)
  + /plugins/nille.paceman/ -> https://plugins.omarchy.org/plugin.html?id=nille.paceman (redirect page)
  + /plugins/io.github.fabean.burrowtime/ -> https://plugins.omarchy.org/plugin.html?id=io.github.fabean.burrowtime (redirect page)
  + /plugins/io.github.aayushstha03.meeting-notes/ -> https://plugins.omarchy.org/plugin.html?id=io.github.aayushstha03.meeting-notes (redirect page)
  + /plugins/io.github.japetheape.keepassxc/ -> https://plugins.omarchy.org/plugin.html?id=io.github.japetheape.keepassxc (redirect page)
  + /plugins/getsubwave.radio/ -> https://plugins.omarchy.org/plugin.html?id=getsubwave.radio (redirect page)
  + /plugins/io.github.daventhedude.steam-friends/ -> https://plugins.omarchy.org/plugin.html?id=io.github.daventhedude.steam-friends (redirect page)
  + /plugins/io.github.babdbtc.routstr/ -> https://plugins.omarchy.org/plugin.html?id=io.github.babdbtc.routstr (redirect page)
  + /plugins/io.github.prathamesh913.gamedock/ -> https://plugins.omarchy.org/plugin.html?id=io.github.prathamesh913.gamedock (redirect page)
  + /plugins/hegjon.prusa-connect/ -> https://plugins.omarchy.org/plugin.html?id=hegjon.prusa-connect (redirect page)
  + /plugins/io.github.aryan-techie.todoist/ -> https://plugins.omarchy.org/plugin.html?id=io.github.aryan-techie.todoist (redirect page)
  + /plugins/io.github.tyrichards.orthodox-daily/ -> https://plugins.omarchy.org/plugin.html?id=io.github.tyrichards.orthodox-daily (redirect page)
  + /plugins/bibek.obsidian-search/ -> https://plugins.omarchy.org/plugin.html?id=bibek.obsidian-search (redirect page)
  + /plugins/omarchy-window-opacity/ -> https://plugins.omarchy.org/plugin.html?id=omarchy-window-opacity (redirect page)
  + /plugins/now-playing/ -> https://plugins.omarchy.org/plugin.html?id=now-playing (redirect page)
  + /plugins/wolfgangrittner.omarchy-wallpapers/ -> https://plugins.omarchy.org/plugin.html?id=wolfgangrittner.omarchy-wallpapers (redirect page)
  + /plugins/bibek.readest/ -> https://plugins.omarchy.org/plugin.html?id=bibek.readest (redirect page)
  + /plugins/jankeesvw.workspace-name/ -> https://plugins.omarchy.org/plugin.html?id=jankeesvw.workspace-name (redirect page)
  + /plugins/jackzasian.clash-verge/ -> https://plugins.omarchy.org/plugin.html?id=jackzasian.clash-verge (redirect page)
  + /plugins/io.github.davidojedalopez.fear-greed/ -> https://plugins.omarchy.org/plugin.html?id=io.github.davidojedalopez.fear-greed (redirect page)
  + /plugins/io.github.davidojedalopez.hermes-kanban/ -> https://plugins.omarchy.org/plugin.html?id=io.github.davidojedalopez.hermes-kanban (redirect page)
  + /plugins/syntaxboybe.gitlab/ -> https://plugins.omarchy.org/plugin.html?id=syntaxboybe.gitlab (redirect page)
  + /plugins/tobiasz-p.next-event/ -> https://plugins.omarchy.org/plugin.html?id=tobiasz-p.next-event (redirect page)
  + /plugins/io.github.rafaelvzago.rss/ -> https://plugins.omarchy.org/plugin.html?id=io.github.rafaelvzago.rss (redirect page)
  + /plugins/io.github.andressm415.omaprox/ -> https://plugins.omarchy.org/plugin.html?id=io.github.andressm415.omaprox (redirect page)
  + /plugins/io.github.joshuaswarren.ytmini/ -> https://plugins.omarchy.org/plugin.html?id=io.github.joshuaswarren.ytmini (redirect page)
  + /plugins/io.github.brandc87.omamox/ -> https://plugins.omarchy.org/plugin.html?id=io.github.brandc87.omamox (redirect page)
  + /plugins/y4gg.1password-popover/ -> https://plugins.omarchy.org/plugin.html?id=y4gg.1password-popover (redirect page)
  + /plugins/blizl.voxtype-osd/ -> https://plugins.omarchy.org/plugin.html?id=blizl.voxtype-osd (redirect page)
  + /plugins/better.displays/ -> https://plugins.omarchy.org/plugin.html?id=better.displays (redirect page)
  + /plugins/io.github.fernandomenolli.daybook/ -> https://plugins.omarchy.org/plugin.html?id=io.github.fernandomenolli.daybook (redirect page)
  + /plugins/dev.windscribe/ -> https://plugins.omarchy.org/plugin.html?id=dev.windscribe (redirect page)
  + /plugins/postman.omascreentime/ -> https://plugins.omarchy.org/plugin.html?id=postman.omascreentime (redirect page)
  + /plugins/io.github.fernandomenolli.curtain/ -> https://plugins.omarchy.org/plugin.html?id=io.github.fernandomenolli.curtain (redirect page)
  + /plugins/alvarosaavedra.sofle-layer/ -> https://plugins.omarchy.org/plugin.html?id=alvarosaavedra.sofle-layer (redirect page)
  + /plugins/sportsbar/ -> https://plugins.omarchy.org/plugin.html?id=sportsbar (redirect page)
  + /plugins/gigor.notifications/ -> https://plugins.omarchy.org/plugin.html?id=gigor.notifications (redirect page)
  + /plugins/ldng.satellite-radar/ -> https://plugins.omarchy.org/plugin.html?id=ldng.satellite-radar (redirect page)
  + /plugins/gennaro.updater/ -> https://plugins.omarchy.org/plugin.html?id=gennaro.updater (redirect page)
  + /plugins/io.github.arhamthedeveloper.mushaf/ -> https://plugins.omarchy.org/plugin.html?id=io.github.arhamthedeveloper.mushaf (redirect page)
  + /plugins/ujjawal.competitive/ -> https://plugins.omarchy.org/plugin.html?id=ujjawal.competitive (redirect page)
  + /plugins/joegeary.on-air/ -> https://plugins.omarchy.org/plugin.html?id=joegeary.on-air (redirect page)
  + /plugins/prettyletto.prettyzap/ -> https://plugins.omarchy.org/plugin.html?id=prettyletto.prettyzap (redirect page)
  + /plugins/bscott.scratch-terminal/ -> https://plugins.omarchy.org/plugin.html?id=bscott.scratch-terminal (redirect page)
  + /plugins/io.github.fernandomenolli.htop/ -> https://plugins.omarchy.org/plugin.html?id=io.github.fernandomenolli.htop (redirect page)
  + /plugins/dev.deoxizn.bardisplay/ -> https://plugins.omarchy.org/plugin.html?id=dev.deoxizn.bardisplay (redirect page)
  + /plugins/io.github.filipechagas.freebuds/ -> https://plugins.omarchy.org/plugin.html?id=io.github.filipechagas.freebuds (redirect page)
  + /plugins/io.github.znxr.qfetch/ -> https://plugins.omarchy.org/plugin.html?id=io.github.znxr.qfetch (redirect page)
  + /plugins/io.github.sirmenef.workspace-overview/ -> https://plugins.omarchy.org/plugin.html?id=io.github.sirmenef.workspace-overview (redirect page)
  + /plugins/jankeesvw.omasweeper/ -> https://plugins.omarchy.org/plugin.html?id=jankeesvw.omasweeper (redirect page)
  + /plugins/io.github.bwest8.open-apps/ -> https://plugins.omarchy.org/plugin.html?id=io.github.bwest8.open-apps (redirect page)
  + /plugins/famas.media-plus/ -> https://plugins.omarchy.org/plugin.html?id=famas.media-plus (redirect page)
  + /plugins/varantha.sunsetr/ -> https://plugins.omarchy.org/plugin.html?id=varantha.sunsetr (redirect page)
  + /plugins/mkelk.dock-recall/ -> https://plugins.omarchy.org/plugin.html?id=mkelk.dock-recall (redirect page)
  + /plugins/io.github.dylanmccavitt.omp-stats/ -> https://plugins.omarchy.org/plugin.html?id=io.github.dylanmccavitt.omp-stats (redirect page)
  + /plugins/b7s.googletranslate/ -> https://plugins.omarchy.org/plugin.html?id=b7s.googletranslate (redirect page)
  + /plugins/akshad135.anisync/ -> https://plugins.omarchy.org/plugin.html?id=akshad135.anisync (redirect page)
  + /plugins/postman.omapomodoro/ -> https://plugins.omarchy.org/plugin.html?id=postman.omapomodoro (redirect page)
  + /plugins/io.github.dr-moreira.network-checker/ -> https://plugins.omarchy.org/plugin.html?id=io.github.dr-moreira.network-checker (redirect page)
  + /plugins/io.github.skedar.system-monitor/ -> https://plugins.omarchy.org/plugin.html?id=io.github.skedar.system-monitor (redirect page)
  + /plugins/ussego.omiru/ -> https://plugins.omarchy.org/plugin.html?id=ussego.omiru (redirect page)
  + /plugins/omaphone.phone/ -> https://plugins.omarchy.org/plugin.html?id=omaphone.phone (redirect page)
  + /plugins/macos.dock/ -> https://plugins.omarchy.org/plugin.html?id=macos.dock (redirect page)
  + /plugins/io.github.nitzanselwyn.nothing-earbuds/ -> https://plugins.omarchy.org/plugin.html?id=io.github.nitzanselwyn.nothing-earbuds (redirect page)
  + /plugins/hamsti.vitals/ -> https://plugins.omarchy.org/plugin.html?id=hamsti.vitals (redirect page)
  + /plugins/ussego.okata/ -> https://plugins.omarchy.org/plugin.html?id=ussego.okata (redirect page)
  + /plugins/dev.git/ -> https://plugins.omarchy.org/plugin.html?id=dev.git (redirect page)
  + /plugins/io.github.fernandomenolli.encore/ -> https://plugins.omarchy.org/plugin.html?id=io.github.fernandomenolli.encore (redirect page)
  + /plugins/io.github.boyoyooo.omarr/ -> https://plugins.omarchy.org/plugin.html?id=io.github.boyoyooo.omarr (redirect page)
  + /plugins/omastockticker/ -> https://plugins.omarchy.org/plugin.html?id=omastockticker (redirect page)
  + /plugins/co.klair.controller-control/ -> https://plugins.omarchy.org/plugin.html?id=co.klair.controller-control (redirect page)
  + /plugins/meirdick.scores/ -> https://plugins.omarchy.org/plugin.html?id=meirdick.scores (redirect page)
  + /plugins/dorneles.omabot/ -> https://plugins.omarchy.org/plugin.html?id=dorneles.omabot (redirect page)
  + /plugins/io.github.wbarakat.session-restore/ -> https://plugins.omarchy.org/plugin.html?id=io.github.wbarakat.session-restore (redirect page)
  + /plugins/my.cava/ -> https://plugins.omarchy.org/plugin.html?id=my.cava (redirect page)
  + /plugins/cd.digitalocean/ -> https://plugins.omarchy.org/plugin.html?id=cd.digitalocean (redirect page)
  + /plugins/akshad135.wordle/ -> https://plugins.omarchy.org/plugin.html?id=akshad135.wordle (redirect page)
  + /plugins/io.github.rizmi.divider/ -> https://plugins.omarchy.org/plugin.html?id=io.github.rizmi.divider (redirect page)
  + /plugins/tdeckers.openhab/ -> https://plugins.omarchy.org/plugin.html?id=tdeckers.openhab (redirect page)
  + /plugins/soup.airpods/ -> https://plugins.omarchy.org/plugin.html?id=soup.airpods (redirect page)
  + /plugins/io.github.filipharald.omacoach/ -> https://plugins.omarchy.org/plugin.html?id=io.github.filipharald.omacoach (redirect page)
  + /plugins/io.github.nejcm.pomodoro/ -> https://plugins.omarchy.org/plugin.html?id=io.github.nejcm.pomodoro (redirect page)
  + /plugins/io.github.kkosu.voxtype-presets/ -> https://plugins.omarchy.org/plugin.html?id=io.github.kkosu.voxtype-presets (redirect page)
  + /plugins/io.github.birajdotdev.omacore/ -> https://plugins.omarchy.org/plugin.html?id=io.github.birajdotdev.omacore (redirect page)
  + /plugins/io.github.orienw.restic/ -> https://plugins.omarchy.org/plugin.html?id=io.github.orienw.restic (redirect page)
  + /plugins/unleashed-nick.thunderbolt/ -> https://plugins.omarchy.org/plugin.html?id=unleashed-nick.thunderbolt (redirect page)
  + /plugins/nkarl.fcitx-active-input-lang/ -> https://plugins.omarchy.org/plugin.html?id=nkarl.fcitx-active-input-lang (redirect page)
  + /plugins/io.github.cempack.arch-extra/ -> https://plugins.omarchy.org/plugin.html?id=io.github.cempack.arch-extra (redirect page)
  + /plugins/yooneskh.unified-remote-servers/ -> https://plugins.omarchy.org/plugin.html?id=yooneskh.unified-remote-servers (redirect page)
  + /plugins/jhgundersen.oh-no-more-agents/ -> https://plugins.omarchy.org/plugin.html?id=jhgundersen.oh-no-more-agents (redirect page)
  + /plugins/terminal.minesweeper/ -> https://plugins.omarchy.org/plugin.html?id=terminal.minesweeper (redirect page)
  + /plugins/cd.aws/ -> https://plugins.omarchy.org/plugin.html?id=cd.aws (redirect page)
  + /plugins/dlpwaters.thesaurus/ -> https://plugins.omarchy.org/plugin.html?id=dlpwaters.thesaurus (redirect page)
  + /plugins/nenas1ya.latin-input/ -> https://plugins.omarchy.org/plugin.html?id=nenas1ya.latin-input (redirect page)
  + /plugins/explify.syncthing/ -> https://plugins.omarchy.org/plugin.html?id=explify.syncthing (redirect page)
  + /plugins/io.github.janhesters.tasks/ -> https://plugins.omarchy.org/plugin.html?id=io.github.janhesters.tasks (redirect page)
  + /plugins/slcode777.omaconv/ -> https://plugins.omarchy.org/plugin.html?id=slcode777.omaconv (redirect page)
  + /plugins/srozen.ufw/ -> https://plugins.omarchy.org/plugin.html?id=srozen.ufw (redirect page)
  + /plugins/yordanbuilds.snooze/ -> https://plugins.omarchy.org/plugin.html?id=yordanbuilds.snooze (redirect page)
  + /plugins/io.github.fernandomenolli.sill/ -> https://plugins.omarchy.org/plugin.html?id=io.github.fernandomenolli.sill (redirect page)
  + /plugins/tomv.agents/ -> https://plugins.omarchy.org/plugin.html?id=tomv.agents (redirect page)
  + /plugins/miseriae.gitarchy/ -> https://plugins.omarchy.org/plugin.html?id=miseriae.gitarchy (redirect page)
  + /plugins/tomv.lte/ -> https://plugins.omarchy.org/plugin.html?id=tomv.lte (redirect page)
  + /plugins/samirpokharel.patro-clock/ -> https://plugins.omarchy.org/plugin.html?id=samirpokharel.patro-clock (redirect page)
  + /plugins/tomv.network-rate/ -> https://plugins.omarchy.org/plugin.html?id=tomv.network-rate (redirect page)
  + /plugins/tomv.battery-usage/ -> https://plugins.omarchy.org/plugin.html?id=tomv.battery-usage (redirect page)
  + /plugins/io.github.ypmrg.omarchy-easy-kanban/ -> https://plugins.omarchy.org/plugin.html?id=io.github.ypmrg.omarchy-easy-kanban (redirect page)
  + /plugins/io.github.5d0tal1gat0r.stocks/ -> https://plugins.omarchy.org/plugin.html?id=io.github.5d0tal1gat0r.stocks (redirect page)
  + /plugins/ah410.islamic-prayer-times/ -> https://plugins.omarchy.org/plugin.html?id=ah410.islamic-prayer-times (redirect page)
  + /plugins/io.github.matyssxdxd.clockify/ -> https://plugins.omarchy.org/plugin.html?id=io.github.matyssxdxd.clockify (redirect page)
  + /plugins/io.github.sumdahl.media/ -> https://plugins.omarchy.org/plugin.html?id=io.github.sumdahl.media (redirect page)
  + /plugins/primo.global-menu/ -> https://plugins.omarchy.org/plugin.html?id=primo.global-menu (redirect page)
  + /plugins/ak.thermals/ -> https://plugins.omarchy.org/plugin.html?id=ak.thermals (redirect page)
  + /plugins/glass-bar-omarchy/ -> https://plugins.omarchy.org/plugin.html?id=glass-bar-omarchy (redirect page)
  + /plugins/workspace-names/ -> https://plugins.omarchy.org/plugin.html?id=workspace-names (redirect page)
  + /plugins/caniworknow.status/ -> https://plugins.omarchy.org/plugin.html?id=caniworknow.status (redirect page)
  + /plugins/io.github.dlpwaters.puzzlemaker/ -> https://plugins.omarchy.org/plugin.html?id=io.github.dlpwaters.puzzlemaker (redirect page)
  + /plugins/io.github.serg3k.omarchy-plugin-wwan/ -> https://plugins.omarchy.org/plugin.html?id=io.github.serg3k.omarchy-plugin-wwan (redirect page)
  + /plugins/seconds.clock/ -> https://plugins.omarchy.org/plugin.html?id=seconds.clock (redirect page)
  + /plugins/io.github.edgarsilva.hw-monitor/ -> https://plugins.omarchy.org/plugin.html?id=io.github.edgarsilva.hw-monitor (redirect page)
  + /plugins/hegjon.coingecko/ -> https://plugins.omarchy.org/plugin.html?id=hegjon.coingecko (redirect page)
  + /plugins/mehiel.darky/ -> https://plugins.omarchy.org/plugin.html?id=mehiel.darky (redirect page)
  + /plugins/io.github.alinuxfan.pixelbudspro/ -> https://plugins.omarchy.org/plugin.html?id=io.github.alinuxfan.pixelbudspro (redirect page)
  + /plugins/davies-sam.omatheme/ -> https://plugins.omarchy.org/plugin.html?id=davies-sam.omatheme (redirect page)
  + /plugins/io.github.gardnmi.window-shelf/ -> https://plugins.omarchy.org/plugin.html?id=io.github.gardnmi.window-shelf (redirect page)
  + /plugins/io.github.sshbrian.lightctl/ -> https://plugins.omarchy.org/plugin.html?id=io.github.sshbrian.lightctl (redirect page)
  + /plugins/imagineit.klm/ -> https://plugins.omarchy.org/plugin.html?id=imagineit.klm (redirect page)
  + /plugins/io.github.edgarsilva.gitlab-ci/ -> https://plugins.omarchy.org/plugin.html?id=io.github.edgarsilva.gitlab-ci (redirect page)
  + /plugins/zezenta.vimoji/ -> https://plugins.omarchy.org/plugin.html?id=zezenta.vimoji (redirect page)
  + /plugins/io.github.nelson.mouse-sensitivity/ -> https://plugins.omarchy.org/plugin.html?id=io.github.nelson.mouse-sensitivity (redirect page)
  + /plugins/io.github.emdmed.omantra/ -> https://plugins.omarchy.org/plugin.html?id=io.github.emdmed.omantra (redirect page)
  + /plugins/io.github.diegopluna.argus/ -> https://plugins.omarchy.org/plugin.html?id=io.github.diegopluna.argus (redirect page)
  + /plugins/io.github.guiestrela.glassbar/ -> https://plugins.omarchy.org/plugin.html?id=io.github.guiestrela.glassbar (redirect page)
  + /plugins/b.everything/ -> https://plugins.omarchy.org/plugin.html?id=b.everything (redirect page)
  + /plugins/h-dong.idle/ -> https://plugins.omarchy.org/plugin.html?id=h-dong.idle (redirect page)
  + /plugins/niusnet.wrike/ -> https://plugins.omarchy.org/plugin.html?id=niusnet.wrike (redirect page)
  + /plugins/imagineit.ram-manager/ -> https://plugins.omarchy.org/plugin.html?id=imagineit.ram-manager (redirect page)
  + /plugins/io.github.kristijan-k.salesforce-orgs/ -> https://plugins.omarchy.org/plugin.html?id=io.github.kristijan-k.salesforce-orgs (redirect page)
  + /plugins/io.github.edgarsilva.power-button/ -> https://plugins.omarchy.org/plugin.html?id=io.github.edgarsilva.power-button (redirect page)
  + /plugins/io.github.rizmi.services/ -> https://plugins.omarchy.org/plugin.html?id=io.github.rizmi.services (redirect page)
  + /plugins/salmun-nister.next-race/ -> https://plugins.omarchy.org/plugin.html?id=salmun-nister.next-race (redirect page)
  + /plugins/contra.layouts/ -> https://plugins.omarchy.org/plugin.html?id=contra.layouts (redirect page)
  + /plugins/i3-workspaces/ -> https://plugins.omarchy.org/plugin.html?id=i3-workspaces (redirect page)
  + /plugins/shaun.quick-translate/ -> https://plugins.omarchy.org/plugin.html?id=shaun.quick-translate (redirect page)
  + /plugins/io.github.gpatkinson.trading-view/ -> https://plugins.omarchy.org/plugin.html?id=io.github.gpatkinson.trading-view (redirect page)
  + /plugins/io.github.sasirulk.totp/ -> https://plugins.omarchy.org/plugin.html?id=io.github.sasirulk.totp (redirect page)
  + /plugins/io.github.r-witz.nothing-ear/ -> https://plugins.omarchy.org/plugin.html?id=io.github.r-witz.nothing-ear (redirect page)
  + /plugins/io.github.5d0tal1gat0r.agent-watcher/ -> https://plugins.omarchy.org/plugin.html?id=io.github.5d0tal1gat0r.agent-watcher (redirect page)
  + /plugins/io.github.filipechagas.choosium/ -> https://plugins.omarchy.org/plugin.html?id=io.github.filipechagas.choosium (redirect page)
  + /plugins/io.github.agata.omasets/ -> https://plugins.omarchy.org/plugin.html?id=io.github.agata.omasets (redirect page)
  + /plugins/mihoro.omarchy/ -> https://plugins.omarchy.org/plugin.html?id=mihoro.omarchy (redirect page)
  + /plugins/dchristensen8.stock-ticker/ -> https://plugins.omarchy.org/plugin.html?id=dchristensen8.stock-ticker (redirect page)
  + /plugins/filipenf.exercise-snacks/ -> https://plugins.omarchy.org/plugin.html?id=filipenf.exercise-snacks (redirect page)
  + /plugins/mrpbennett.dusk/ -> https://plugins.omarchy.org/plugin.html?id=mrpbennett.dusk (redirect page)
  + /plugins/timmo.momentumctl/ -> https://plugins.omarchy.org/plugin.html?id=timmo.momentumctl (redirect page)
  + /plugins/io.github.aledx18.prism-instances/ -> https://plugins.omarchy.org/plugin.html?id=io.github.aledx18.prism-instances (redirect page)
  + /plugins/io.github.aryan-techie.waynergy/ -> https://plugins.omarchy.org/plugin.html?id=io.github.aryan-techie.waynergy (redirect page)
  + /plugins/gobijan.ui-sounds/ -> https://plugins.omarchy.org/plugin.html?id=gobijan.ui-sounds (redirect page)
  + /plugins/timmo.system-bridge/ -> https://plugins.omarchy.org/plugin.html?id=timmo.system-bridge (redirect page)
  + /plugins/io.github.huligabuliga.omasticky/ -> https://plugins.omarchy.org/plugin.html?id=io.github.huligabuliga.omasticky (redirect page)
  + /plugins/dlpwaters.metronome/ -> https://plugins.omarchy.org/plugin.html?id=dlpwaters.metronome (redirect page)
  + /plugins/io.github.sahzudin.omatick/ -> https://plugins.omarchy.org/plugin.html?id=io.github.sahzudin.omatick (redirect page)
  + /plugins/ubiquities.omawake/ -> https://plugins.omarchy.org/plugin.html?id=ubiquities.omawake (redirect page)
  + /plugins/postman.omadisk/ -> https://plugins.omarchy.org/plugin.html?id=postman.omadisk (redirect page)
  + /plugins/ghosthunter5599.power-mode/ -> https://plugins.omarchy.org/plugin.html?id=ghosthunter5599.power-mode (redirect page)
  + /plugins/erruviel.wwan/ -> https://plugins.omarchy.org/plugin.html?id=erruviel.wwan (redirect page)
  + /plugins/io.github.sahzudin.modifier-keys/ -> https://plugins.omarchy.org/plugin.html?id=io.github.sahzudin.modifier-keys (redirect page)
  + /plugins/io.github.boyoyooo.proxmarchy/ -> https://plugins.omarchy.org/plugin.html?id=io.github.boyoyooo.proxmarchy (redirect page)
  + /plugins/sspaeti.clipboard/ -> https://plugins.omarchy.org/plugin.html?id=sspaeti.clipboard (redirect page)
  + /plugins/analytics-omarchy/ -> https://plugins.omarchy.org/plugin.html?id=analytics-omarchy (redirect page)
  + /plugins/io.github.sanjyay.rss-reeder/ -> https://plugins.omarchy.org/plugin.html?id=io.github.sanjyay.rss-reeder (redirect page)
  + /plugins/deda.workspaces-icons/ -> https://plugins.omarchy.org/plugin.html?id=deda.workspaces-icons (redirect page)
  + /plugins/miguel.cliamp-nowplaying/ -> https://plugins.omarchy.org/plugin.html?id=miguel.cliamp-nowplaying (redirect page)
  + /plugins/mrpbennett.herdr-agents/ -> https://plugins.omarchy.org/plugin.html?id=mrpbennett.herdr-agents (redirect page)
  + /plugins/omadock/ -> https://plugins.omarchy.org/plugin.html?id=omadock (redirect page)
  + /plugins/nino.tailscale/ -> https://plugins.omarchy.org/plugin.html?id=nino.tailscale (redirect page)
  + /plugins/nille.listen/ -> https://plugins.omarchy.org/plugin.html?id=nille.listen (redirect page)
  + /plugins/dki.quran-verse-of-the-day/ -> https://plugins.omarchy.org/plugin.html?id=dki.quran-verse-of-the-day (redirect page)
  + /plugins/mttmng.proofreader/ -> https://plugins.omarchy.org/plugin.html?id=mttmng.proofreader (redirect page)
  + /plugins/io.github.howdyitskyle.weathering/ -> https://plugins.omarchy.org/plugin.html?id=io.github.howdyitskyle.weathering (redirect page)
  + /plugins/ryuhzk.server-status/ -> https://plugins.omarchy.org/plugin.html?id=ryuhzk.server-status (redirect page)
  + /plugins/parado.idle/ -> https://plugins.omarchy.org/plugin.html?id=parado.idle (redirect page)
  + /plugins/tenzin.live-wallpaper/ -> https://plugins.omarchy.org/plugin.html?id=tenzin.live-wallpaper (redirect page)
  + /plugins/io.github.ctl0v0.kalm/ -> https://plugins.omarchy.org/plugin.html?id=io.github.ctl0v0.kalm (redirect page)
  + /plugins/io.github.taha.draw-it/ -> https://plugins.omarchy.org/plugin.html?id=io.github.taha.draw-it (redirect page)
  + /plugins/kshatriya-abhay.acer-keyboard/ -> https://plugins.omarchy.org/plugin.html?id=kshatriya-abhay.acer-keyboard (redirect page)
  + /plugins/io.github.spoilheap.sonyxm4/ -> https://plugins.omarchy.org/plugin.html?id=io.github.spoilheap.sonyxm4 (redirect page)
  + /plugins/jwhall.omanodes/ -> https://plugins.omarchy.org/plugin.html?id=jwhall.omanodes (redirect page)
  + /plugins/io.github.odessa2.bing-wallpaper/ -> https://plugins.omarchy.org/plugin.html?id=io.github.odessa2.bing-wallpaper (redirect page)
  + /plugins/io.github.spoilheap.openrouter/ -> https://plugins.omarchy.org/plugin.html?id=io.github.spoilheap.openrouter (redirect page)
  + /plugins/alvarosaavedra.market-stats/ -> https://plugins.omarchy.org/plugin.html?id=alvarosaavedra.market-stats (redirect page)
  + /plugins/vt.screentime/ -> https://plugins.omarchy.org/plugin.html?id=vt.screentime (redirect page)
  + /plugins/taskwarrior/ -> https://plugins.omarchy.org/plugin.html?id=taskwarrior (redirect page)
  + /plugins/hector.currency/ -> https://plugins.omarchy.org/plugin.html?id=hector.currency (redirect page)
  + /plugins/leyanora.plugincontainers/ -> https://plugins.omarchy.org/plugin.html?id=leyanora.plugincontainers (redirect page)
  + /plugins/bylund.presenter-overlay/ -> https://plugins.omarchy.org/plugin.html?id=bylund.presenter-overlay (redirect page)
  + /plugins/mangoleaf.workspace-manager/ -> https://plugins.omarchy.org/plugin.html?id=mangoleaf.workspace-manager (redirect page)
  + /plugins/io.github.zachwilke.mx/ -> https://plugins.omarchy.org/plugin.html?id=io.github.zachwilke.mx (redirect page)
  + /plugins/erruviel.docker/ -> https://plugins.omarchy.org/plugin.html?id=erruviel.docker (redirect page)
  + /plugins/io.github.sahzudin.ominder/ -> https://plugins.omarchy.org/plugin.html?id=io.github.sahzudin.ominder (redirect page)
  + /plugins/io.github.laytonf.relaunch/ -> https://plugins.omarchy.org/plugin.html?id=io.github.laytonf.relaunch (redirect page)
  + /plugins/io.github.rafaelsantana6.1passchy/ -> https://plugins.omarchy.org/plugin.html?id=io.github.rafaelsantana6.1passchy (redirect page)
  + /plugins/com.user.doom/ -> https://plugins.omarchy.org/plugin.html?id=com.user.doom (redirect page)
  + /plugins/io.github.ismyhc.bitfinex-ticker/ -> https://plugins.omarchy.org/plugin.html?id=io.github.ismyhc.bitfinex-ticker (redirect page)
  + /plugins/hegjon.passwordstore/ -> https://plugins.omarchy.org/plugin.html?id=hegjon.passwordstore (redirect page)
  + /plugins/benekuehn.macbook-fans/ -> https://plugins.omarchy.org/plugin.html?id=benekuehn.macbook-fans (redirect page)
  + /plugins/leomoon-studios.omarchy-world-clock/ -> https://plugins.omarchy.org/plugin.html?id=leomoon-studios.omarchy-world-clock (redirect page)
  + /plugins/acrogenesis.breakout/ -> https://plugins.omarchy.org/plugin.html?id=acrogenesis.breakout (redirect page)
  + /plugins/silvaio.gamemode/ -> https://plugins.omarchy.org/plugin.html?id=silvaio.gamemode (redirect page)
  + /plugins/io.github.ncr.omaphones/ -> https://plugins.omarchy.org/plugin.html?id=io.github.ncr.omaphones (redirect page)
  + /plugins/io.github.tahler.lid-awake/ -> https://plugins.omarchy.org/plugin.html?id=io.github.tahler.lid-awake (redirect page)
  + /plugins/io.github.tahler.eye-twenty/ -> https://plugins.omarchy.org/plugin.html?id=io.github.tahler.eye-twenty (redirect page)
  + /plugins/io.github.mich-nduka.pgmarchy/ -> https://plugins.omarchy.org/plugin.html?id=io.github.mich-nduka.pgmarchy (redirect page)
  + /plugins/pnkm0nk.omodoro/ -> https://plugins.omarchy.org/plugin.html?id=pnkm0nk.omodoro (redirect page)
  + /plugins/scttymn.scrolling-columns/ -> https://plugins.omarchy.org/plugin.html?id=scttymn.scrolling-columns (redirect page)
  + /plugins/ianswope.snapshots/ -> https://plugins.omarchy.org/plugin.html?id=ianswope.snapshots (redirect page)
  + /plugins/omarchy-lock-style/ -> https://plugins.omarchy.org/plugin.html?id=omarchy-lock-style (redirect page)
  + /plugins/io.github.ctl0v0.normarchy/ -> https://plugins.omarchy.org/plugin.html?id=io.github.ctl0v0.normarchy (redirect page)
  + /plugins/danglenoir.deepl/ -> https://plugins.omarchy.org/plugin.html?id=danglenoir.deepl (redirect page)
  + /plugins/ragnacron.workspaces-per-monitor/ -> https://plugins.omarchy.org/plugin.html?id=ragnacron.workspaces-per-monitor (redirect page)
  + /plugins/jason-watts.rclone-onedrive/ -> https://plugins.omarchy.org/plugin.html?id=jason-watts.rclone-onedrive (redirect page)
  + /plugins/io.github.thisisgm.cliampui/ -> https://plugins.omarchy.org/plugin.html?id=io.github.thisisgm.cliampui (redirect page)
  + /plugins/copytracker/ -> https://plugins.omarchy.org/plugin.html?id=copytracker (redirect page)
  + /plugins/community.codex-usage/ -> https://plugins.omarchy.org/plugin.html?id=community.codex-usage (redirect page)
  + /plugins/io.github.mohuddle.liturgy-of-the-hours/ -> https://plugins.omarchy.org/plugin.html?id=io.github.mohuddle.liturgy-of-the-hours (redirect page)
  + /plugins/io.github.twoscott.mouse-battery/ -> https://plugins.omarchy.org/plugin.html?id=io.github.twoscott.mouse-battery (redirect page)
  + /plugins/aislandener.galaxy-buds/ -> https://plugins.omarchy.org/plugin.html?id=aislandener.galaxy-buds (redirect page)
  + /plugins/melonamin.flare/ -> https://plugins.omarchy.org/plugin.html?id=melonamin.flare (redirect page)
  + /plugins/dailen.omartfy/ -> https://plugins.omarchy.org/plugin.html?id=dailen.omartfy (redirect page)
  + /plugins/jobo.desktop-ambience/ -> https://plugins.omarchy.org/plugin.html?id=jobo.desktop-ambience (redirect page)
  + /plugins/lid-sleep/ -> https://plugins.omarchy.org/plugin.html?id=lid-sleep (redirect page)
  + /plugins/omakey/ -> https://plugins.omarchy.org/plugin.html?id=omakey (redirect page)
  + /plugins/dorneles.omapod/ -> https://plugins.omarchy.org/plugin.html?id=dorneles.omapod (redirect page)
  + /plugins/ianswope.deploys/ -> https://plugins.omarchy.org/plugin.html?id=ianswope.deploys (redirect page)
  + /plugins/io.github.ctl0v0.omasonos/ -> https://plugins.omarchy.org/plugin.html?id=io.github.ctl0v0.omasonos (redirect page)
  + /plugins/io.github.ras.mediawidget/ -> https://plugins.omarchy.org/plugin.html?id=io.github.ras.mediawidget (redirect page)
  + /plugins/omamail/ -> https://plugins.omarchy.org/plugin.html?id=omamail (redirect page)
  + /plugins/tsouth89.resurrect/ -> https://plugins.omarchy.org/plugin.html?id=tsouth89.resurrect (redirect page)
  + /plugins/io.github.thoughtlesslabs.omarchy-bbs/ -> https://plugins.omarchy.org/plugin.html?id=io.github.thoughtlesslabs.omarchy-bbs (redirect page)
  + /plugins/disaster-alert/ -> https://plugins.omarchy.org/plugin.html?id=disaster-alert (redirect page)
  + /plugins/io.github.subirats345.echo-shelf/ -> https://plugins.omarchy.org/plugin.html?id=io.github.subirats345.echo-shelf (redirect page)
  + /plugins/io.github.sumdahl.nepse/ -> https://plugins.omarchy.org/plugin.html?id=io.github.sumdahl.nepse (redirect page)
  + /plugins/furmware.cloud/ -> https://plugins.omarchy.org/plugin.html?id=furmware.cloud (redirect page)
  + /plugins/rlimberger.grokbar-omarchy/ -> https://plugins.omarchy.org/plugin.html?id=rlimberger.grokbar-omarchy (redirect page)
  + /plugins/dev.zavu.inbox/ -> https://plugins.omarchy.org/plugin.html?id=dev.zavu.inbox (redirect page)
  + /plugins/io.github.rafaelvzago.mac-fn-ctrl-toggle/ -> https://plugins.omarchy.org/plugin.html?id=io.github.rafaelvzago.mac-fn-ctrl-toggle (redirect page)
  + /plugins/luca.wireview-pro2/ -> https://plugins.omarchy.org/plugin.html?id=luca.wireview-pro2 (redirect page)
  + /plugins/wian47.removable-drives/ -> https://plugins.omarchy.org/plugin.html?id=wian47.removable-drives (redirect page)
  + /plugins/vt.quicknote/ -> https://plugins.omarchy.org/plugin.html?id=vt.quicknote (redirect page)
  + /plugins/io.github.weedwhitesandwine.omasnatch/ -> https://plugins.omarchy.org/plugin.html?id=io.github.weedwhitesandwine.omasnatch (redirect page)
  + /plugins/io.github.davidojedalopez.todoist/ -> https://plugins.omarchy.org/plugin.html?id=io.github.davidojedalopez.todoist (redirect page)
  + /plugins/codeburn/ -> https://plugins.omarchy.org/plugin.html?id=codeburn (redirect page)
  + /plugins/bitshaker.ring-cameras/ -> https://plugins.omarchy.org/plugin.html?id=bitshaker.ring-cameras (redirect page)
  + /plugins/angus.caliper/ -> https://plugins.omarchy.org/plugin.html?id=angus.caliper (redirect page)
  + /plugins/io.github.jestemkarol.bing-wallpaper/ -> https://plugins.omarchy.org/plugin.html?id=io.github.jestemkarol.bing-wallpaper (redirect page)
  + /plugins/io.github.cahva.rdp-manager/ -> https://plugins.omarchy.org/plugin.html?id=io.github.cahva.rdp-manager (redirect page)
  + /plugins/angus.fault/ -> https://plugins.omarchy.org/plugin.html?id=angus.fault (redirect page)
  + /plugins/io.github.manas-kenge.omaview/ -> https://plugins.omarchy.org/plugin.html?id=io.github.manas-kenge.omaview (redirect page)
  + /plugins/opoii.workspaces/ -> https://plugins.omarchy.org/plugin.html?id=opoii.workspaces (redirect page)
  + /plugins/arh.file-picker/ -> https://plugins.omarchy.org/plugin.html?id=arh.file-picker (redirect page)
  + /plugins/io.github.salimhabeshawi.wakatime/ -> https://plugins.omarchy.org/plugin.html?id=io.github.salimhabeshawi.wakatime (redirect page)
  + /plugins/mimiqdev.vibe-usage/ -> https://plugins.omarchy.org/plugin.html?id=mimiqdev.vibe-usage (redirect page)
  + /plugins/io.github.bvisagie.kernel-spirit/ -> https://plugins.omarchy.org/plugin.html?id=io.github.bvisagie.kernel-spirit (redirect page)
  + /plugins/uwagz.shopify-cli/ -> https://plugins.omarchy.org/plugin.html?id=uwagz.shopify-cli (redirect page)
  + /plugins/nosignal.quattro-command/ -> https://plugins.omarchy.org/plugin.html?id=nosignal.quattro-command (redirect page)
  + /plugins/mich.spotmarchy/ -> https://plugins.omarchy.org/plugin.html?id=mich.spotmarchy (redirect page)
  + /plugins/io.github.dotnetemmanuel.vitals/ -> https://plugins.omarchy.org/plugin.html?id=io.github.dotnetemmanuel.vitals (redirect page)
  + /plugins/io.github.micdahl.timewarrior/ -> https://plugins.omarchy.org/plugin.html?id=io.github.micdahl.timewarrior (redirect page)
  + /plugins/io.github.itsmoorgrove.protoncalendar/ -> https://plugins.omarchy.org/plugin.html?id=io.github.itsmoorgrove.protoncalendar (redirect page)
  + /plugins/quickshell.ytmusic/ -> https://plugins.omarchy.org/plugin.html?id=quickshell.ytmusic (redirect page)
  + /plugins/gzaal.desktop-layout/ -> https://plugins.omarchy.org/plugin.html?id=gzaal.desktop-layout (redirect page)
  + /plugins/io.github.vonsensey.omavet/ -> https://plugins.omarchy.org/plugin.html?id=io.github.vonsensey.omavet (redirect page)
  + /plugins/rams.vpn/ -> https://plugins.omarchy.org/plugin.html?id=rams.vpn (redirect page)
  + /plugins/io.github.guettoblasterr.crypto-market-pulse/ -> https://plugins.omarchy.org/plugin.html?id=io.github.guettoblasterr.crypto-market-pulse (redirect page)
  + /plugins/anel.gestures/ -> https://plugins.omarchy.org/plugin.html?id=anel.gestures (redirect page)
  + /plugins/io.github.sahzudin.omaport/ -> https://plugins.omarchy.org/plugin.html?id=io.github.sahzudin.omaport (redirect page)
  + /plugins/io.github.sahzudin.singlenote/ -> https://plugins.omarchy.org/plugin.html?id=io.github.sahzudin.singlenote (redirect page)
  + /plugins/io.github.vonsensey.omarewind/ -> https://plugins.omarchy.org/plugin.html?id=io.github.vonsensey.omarewind (redirect page)
  + /plugins/io.github.marko-builds.borealis/ -> https://plugins.omarchy.org/plugin.html?id=io.github.marko-builds.borealis (redirect page)
  + /plugins/rdf.dock/ -> https://plugins.omarchy.org/plugin.html?id=rdf.dock (redirect page)
  + /plugins/plugin.hider/ -> https://plugins.omarchy.org/plugin.html?id=plugin.hider (redirect page)
  + /plugins/rdf.notes/ -> https://plugins.omarchy.org/plugin.html?id=rdf.notes (redirect page)
  + /plugins/opoii.clown/ -> https://plugins.omarchy.org/plugin.html?id=opoii.clown (redirect page)
  + /plugins/nosignal.quattro-gp/ -> https://plugins.omarchy.org/plugin.html?id=nosignal.quattro-gp (redirect page)
  + /plugins/harel.vital-signs/ -> https://plugins.omarchy.org/plugin.html?id=harel.vital-signs (redirect page)
  + /plugins/nwarwick.omambience/ -> https://plugins.omarchy.org/plugin.html?id=nwarwick.omambience (redirect page)
  + /plugins/io.github.weedwhitesandwine.zenbu/ -> https://plugins.omarchy.org/plugin.html?id=io.github.weedwhitesandwine.zenbu (redirect page)
  + /plugins/marcuspelo.omaprow/ -> https://plugins.omarchy.org/plugin.html?id=marcuspelo.omaprow (redirect page)
  + /plugins/io.github.antoniowav.elpris/ -> https://plugins.omarchy.org/plugin.html?id=io.github.antoniowav.elpris (redirect page)
  + /plugins/io.github.dlpwaters.yt-downloader/ -> https://plugins.omarchy.org/plugin.html?id=io.github.dlpwaters.yt-downloader (redirect page)
  + /plugins/io.github.itsmoorgrove.timecapsule/ -> https://plugins.omarchy.org/plugin.html?id=io.github.itsmoorgrove.timecapsule (redirect page)
  + /plugins/virtuoso.notification-sounds/ -> https://plugins.omarchy.org/plugin.html?id=virtuoso.notification-sounds (redirect page)
  + /plugins/kailbert.omascope/ -> https://plugins.omarchy.org/plugin.html?id=kailbert.omascope (redirect page)
  + /plugins/io.github.abdxdev.onscreen-keyboard/ -> https://plugins.omarchy.org/plugin.html?id=io.github.abdxdev.onscreen-keyboard (redirect page)
  + /plugins/ianswope.apple-music/ -> https://plugins.omarchy.org/plugin.html?id=ianswope.apple-music (redirect page)
  + /plugins/leonardom011.wayvnc/ -> https://plugins.omarchy.org/plugin.html?id=leonardom011.wayvnc (redirect page)
  + /plugins/no.koka.cpu-catjam/ -> https://plugins.omarchy.org/plugin.html?id=no.koka.cpu-catjam (redirect page)
  + /plugins/io.github.ctl0v0.chordarchy/ -> https://plugins.omarchy.org/plugin.html?id=io.github.ctl0v0.chordarchy (redirect page)
  + /plugins/dorneles.omameet/ -> https://plugins.omarchy.org/plugin.html?id=dorneles.omameet (redirect page)
  + /plugins/io.github.randazraik.zikr/ -> https://plugins.omarchy.org/plugin.html?id=io.github.randazraik.zikr (redirect page)
  + /plugins/spacexrace.screen-mirroring/ -> https://plugins.omarchy.org/plugin.html?id=spacexrace.screen-mirroring (redirect page)
  + /plugins/io.github.vyomjain6904.sony-headphones/ -> https://plugins.omarchy.org/plugin.html?id=io.github.vyomjain6904.sony-headphones (redirect page)
  + /plugins/ianswope.timers/ -> https://plugins.omarchy.org/plugin.html?id=ianswope.timers (redirect page)
  + /plugins/emils.localhost/ -> https://plugins.omarchy.org/plugin.html?id=emils.localhost (redirect page)
  + /plugins/limon.todo/ -> https://plugins.omarchy.org/plugin.html?id=limon.todo (redirect page)
  + /plugins/io.github.tyrichards.display-scanlines/ -> https://plugins.omarchy.org/plugin.html?id=io.github.tyrichards.display-scanlines (redirect page)
  + /plugins/io.github.brm-src.omatchday/ -> https://plugins.omarchy.org/plugin.html?id=io.github.brm-src.omatchday (redirect page)
  + /plugins/io.github.jeremylongshore.pit-wall/ -> https://plugins.omarchy.org/plugin.html?id=io.github.jeremylongshore.pit-wall (redirect page)
  + /plugins/io.github.mohuddle.myjournal/ -> https://plugins.omarchy.org/plugin.html?id=io.github.mohuddle.myjournal (redirect page)
  + /plugins/io.github.dlpwaters.plugin-folders/ -> https://plugins.omarchy.org/plugin.html?id=io.github.dlpwaters.plugin-folders (redirect page)
  + /plugins/bylund.ledge/ -> https://plugins.omarchy.org/plugin.html?id=bylund.ledge (redirect page)
  + /plugins/io.github.salemsayed.omawarden/ -> https://plugins.omarchy.org/plugin.html?id=io.github.salemsayed.omawarden (redirect page)
  + /plugins/io.github.vonsensey.accord/ -> https://plugins.omarchy.org/plugin.html?id=io.github.vonsensey.accord (redirect page)
  + /plugins/leonardom011.power/ -> https://plugins.omarchy.org/plugin.html?id=leonardom011.power (redirect page)
  + /plugins/ianswope.renders/ -> https://plugins.omarchy.org/plugin.html?id=ianswope.renders (redirect page)
  + /plugins/omasis/ -> https://plugins.omarchy.org/plugin.html?id=omasis (redirect page)
  + /plugins/minimal.dot.workspace/ -> https://plugins.omarchy.org/plugin.html?id=minimal.dot.workspace (redirect page)
  + /plugins/io.github.ejuro.phosphor/ -> https://plugins.omarchy.org/plugin.html?id=io.github.ejuro.phosphor (redirect page)
  + /plugins/anel.search/ -> https://plugins.omarchy.org/plugin.html?id=anel.search (redirect page)
  + /plugins/ianswope.keyring/ -> https://plugins.omarchy.org/plugin.html?id=ianswope.keyring (redirect page)
  + /plugins/io.github.guiestrela.nordvpn/ -> https://plugins.omarchy.org/plugin.html?id=io.github.guiestrela.nordvpn (redirect page)
  + /plugins/geertjohan.lock-wifi-ap/ -> https://plugins.omarchy.org/plugin.html?id=geertjohan.lock-wifi-ap (redirect page)
  + /plugins/bylund.wallpaper-gallery/ -> https://plugins.omarchy.org/plugin.html?id=bylund.wallpaper-gallery (redirect page)
  + /plugins/linuxinthebox.ssh-lan/ -> https://plugins.omarchy.org/plugin.html?id=linuxinthebox.ssh-lan (redirect page)
  + /plugins/anel.tictactoe/ -> https://plugins.omarchy.org/plugin.html?id=anel.tictactoe (redirect page)
  + /plugins/io.github.bodhiblues.idle-toggle/ -> https://plugins.omarchy.org/plugin.html?id=io.github.bodhiblues.idle-toggle (redirect page)
  + /plugins/io.github.sahzudin.omamemo/ -> https://plugins.omarchy.org/plugin.html?id=io.github.sahzudin.omamemo (redirect page)
  + /plugins/io.github.brm-src.ai-quick-clean/ -> https://plugins.omarchy.org/plugin.html?id=io.github.brm-src.ai-quick-clean (redirect page)
  + /plugins/crmne.lyrics/ -> https://plugins.omarchy.org/plugin.html?id=crmne.lyrics (redirect page)
  + /plugins/gavinanelson.workspace-window-icons/ -> https://plugins.omarchy.org/plugin.html?id=gavinanelson.workspace-window-icons (redirect page)
  + /plugins/darksamen.nightlight/ -> https://plugins.omarchy.org/plugin.html?id=darksamen.nightlight (redirect page)
  + /plugins/seb-krz.omarchy-connect/ -> https://plugins.omarchy.org/plugin.html?id=seb-krz.omarchy-connect (redirect page)
  + /plugins/user.trackpad-gestures/ -> https://plugins.omarchy.org/plugin.html?id=user.trackpad-gestures (redirect page)
  + /plugins/shop/ -> https://plugins.omarchy.org/plugin.html?id=shop (redirect page)
  + /plugins/crmne.ultimate-guitar/ -> https://plugins.omarchy.org/plugin.html?id=crmne.ultimate-guitar (redirect page)
  + /plugins/io.github.maiosx.pinmark/ -> https://plugins.omarchy.org/plugin.html?id=io.github.maiosx.pinmark (redirect page)
  + /plugins/io.github.gavidetdoliath.waypaper-video-background/ -> https://plugins.omarchy.org/plugin.html?id=io.github.gavidetdoliath.waypaper-video-background (redirect page)
  + /plugins/kmudiam.debt-clock/ -> https://plugins.omarchy.org/plugin.html?id=kmudiam.debt-clock (redirect page)
  + /plugins/io.github.d3vw.sinbar/ -> https://plugins.omarchy.org/plugin.html?id=io.github.d3vw.sinbar (redirect page)
  + /plugins/ryuhzk.translation/ -> https://plugins.omarchy.org/plugin.html?id=ryuhzk.translation (redirect page)
  + /plugins/danglenoir.hanzi/ -> https://plugins.omarchy.org/plugin.html?id=danglenoir.hanzi (redirect page)
  + /plugins/dev.davidojeda.stoic-meditations/ -> https://plugins.omarchy.org/plugin.html?id=dev.davidojeda.stoic-meditations (redirect page)
  + /plugins/io.github.sktev.mounted-drives/ -> https://plugins.omarchy.org/plugin.html?id=io.github.sktev.mounted-drives (redirect page)
  + /plugins/tsouth89.omcp/ -> https://plugins.omarchy.org/plugin.html?id=tsouth89.omcp (redirect page)
  + /plugins/nestor.lunar-tracker/ -> https://plugins.omarchy.org/plugin.html?id=nestor.lunar-tracker (redirect page)
  + /plugins/io.github.infiniv.dori/ -> https://plugins.omarchy.org/plugin.html?id=io.github.infiniv.dori (redirect page)
  + /plugins/acobrerosf.forge/ -> https://plugins.omarchy.org/plugin.html?id=acobrerosf.forge (redirect page)
  + /plugins/io.github.sahzudin.omassh/ -> https://plugins.omarchy.org/plugin.html?id=io.github.sahzudin.omassh (redirect page)
  + /plugins/omarmail/ -> https://plugins.omarchy.org/plugin.html?id=omarmail (redirect page)
  + /plugins/ritechoice23.omarchy.notification/ -> https://plugins.omarchy.org/plugin.html?id=ritechoice23.omarchy.notification (redirect page)
  + /plugins/hegjon.unifi/ -> https://plugins.omarchy.org/plugin.html?id=hegjon.unifi (redirect page)
  + /plugins/io.github.amitcpatel.elgato-control/ -> https://plugins.omarchy.org/plugin.html?id=io.github.amitcpatel.elgato-control (redirect page)
  + /plugins/ask-omarchy.ask/ -> https://plugins.omarchy.org/plugin.html?id=ask-omarchy.ask (redirect page)
  + /plugins/io.github.sh1d0w.omatrack/ -> https://plugins.omarchy.org/plugin.html?id=io.github.sh1d0w.omatrack (redirect page)
  + /plugins/io.github.marcoripa96.browser-minimap/ -> https://plugins.omarchy.org/plugin.html?id=io.github.marcoripa96.browser-minimap (redirect page)
  + /plugins/acp.omascribe/ -> https://plugins.omarchy.org/plugin.html?id=acp.omascribe (redirect page)
  + /plugins/io.github.boyoyooo.glucomarchy/ -> https://plugins.omarchy.org/plugin.html?id=io.github.boyoyooo.glucomarchy (redirect page)
  + /plugins/ogarza.weather/ -> https://plugins.omarchy.org/plugin.html?id=ogarza.weather (redirect page)
  + /plugins/iserrano.stardate/ -> https://plugins.omarchy.org/plugin.html?id=iserrano.stardate (redirect page)
  + /plugins/perfektnacht.omatower-defense/ -> https://plugins.omarchy.org/plugin.html?id=perfektnacht.omatower-defense (redirect page)
  + /plugins/pulse.omarchy/ -> https://plugins.omarchy.org/plugin.html?id=pulse.omarchy (redirect page)
  + /plugins/omarchy-philips-hue/ -> https://plugins.omarchy.org/plugin.html?id=omarchy-philips-hue (redirect page)
  + /plugins/ucmz851.omascan/ -> https://plugins.omarchy.org/plugin.html?id=ucmz851.omascan (redirect page)
  + /plugins/io.github.vltic.guard/ -> https://plugins.omarchy.org/plugin.html?id=io.github.vltic.guard (redirect page)
  + /plugins/ucmz851.omasecurity/ -> https://plugins.omarchy.org/plugin.html?id=ucmz851.omasecurity (redirect page)
  + /plugins/beforelight/ -> https://plugins.omarchy.org/plugin.html?id=beforelight (redirect page)
  + /plugins/confined-.ember/ -> https://plugins.omarchy.org/plugin.html?id=confined-.ember (redirect page)
  + /plugins/io.github.chris.window-hints/ -> https://plugins.omarchy.org/plugin.html?id=io.github.chris.window-hints (redirect page)
  + /plugins/io.github.chris.share-cloak/ -> https://plugins.omarchy.org/plugin.html?id=io.github.chris.share-cloak (redirect page)
  + /plugins/io.github.chris.secret-canary/ -> https://plugins.omarchy.org/plugin.html?id=io.github.chris.secret-canary (redirect page)
  + /plugins/io.github.chris.notepad-calc/ -> https://plugins.omarchy.org/plugin.html?id=io.github.chris.notepad-calc (redirect page)
  + /plugins/io.github.chris.desktop-undo/ -> https://plugins.omarchy.org/plugin.html?id=io.github.chris.desktop-undo (redirect page)
  + /plugins/harshith.system-monitor/ -> https://plugins.omarchy.org/plugin.html?id=harshith.system-monitor (redirect page)
  + /plugins/io.github.brandonwhitfield.codex-account-switch/ -> https://plugins.omarchy.org/plugin.html?id=io.github.brandonwhitfield.codex-account-switch (redirect page)
  + /plugins/io.github.gardnmi.omarchy-irc/ -> https://plugins.omarchy.org/plugin.html?id=io.github.gardnmi.omarchy-irc (redirect page)
  + /plugins/io.github.sumdahl.omadecode/ -> https://plugins.omarchy.org/plugin.html?id=io.github.sumdahl.omadecode (redirect page)
  + /plugins/io.github.chris.quicklook/ -> https://plugins.omarchy.org/plugin.html?id=io.github.chris.quicklook (redirect page)
  + /plugins/io.github.chris.snitch/ -> https://plugins.omarchy.org/plugin.html?id=io.github.chris.snitch (redirect page)
  + /plugins/io.github.haydenmckay.omasmash/ -> https://plugins.omarchy.org/plugin.html?id=io.github.haydenmckay.omasmash (redirect page)
  + /plugins/omapets/ -> https://plugins.omarchy.org/plugin.html?id=omapets (redirect page)
  + /plugins/com.mirashif.omalauncher/ -> https://plugins.omarchy.org/plugin.html?id=com.mirashif.omalauncher (redirect page)
  + /plugins/contra.esports/ -> https://plugins.omarchy.org/plugin.html?id=contra.esports (redirect page)
  + /plugins/luca.obsidian-daily/ -> https://plugins.omarchy.org/plugin.html?id=luca.obsidian-daily (redirect page)
  + /plugins/io.github.mshareef-git.omavibes/ -> https://plugins.omarchy.org/plugin.html?id=io.github.mshareef-git.omavibes (redirect page)
  + /plugins/io.github.vonsensey.omargb/ -> https://plugins.omarchy.org/plugin.html?id=io.github.vonsensey.omargb (redirect page)
  + /plugins/slowburnaz.omaslang/ -> https://plugins.omarchy.org/plugin.html?id=slowburnaz.omaslang (redirect page)
  + /plugins/thefreshoffice.nextcloud/ -> https://plugins.omarchy.org/plugin.html?id=thefreshoffice.nextcloud (redirect page)
  + /plugins/jankeesvw.notification-center/ -> https://plugins.omarchy.org/plugin.html?id=jankeesvw.notification-center (redirect page)
  + /plugins/io.github.marko-builds.porthole/ -> https://plugins.omarchy.org/plugin.html?id=io.github.marko-builds.porthole (redirect page)
  + /plugins/jankeesvw.tesla/ -> https://plugins.omarchy.org/plugin.html?id=jankeesvw.tesla (redirect page)
  + /plugins/nosignal.hey-cal/ -> https://plugins.omarchy.org/plugin.html?id=nosignal.hey-cal (redirect page)
  + /plugins/nosignal.quattro4x4/ -> https://plugins.omarchy.org/plugin.html?id=nosignal.quattro4x4 (redirect page)
  + /plugins/nosignal.omasend/ -> https://plugins.omarchy.org/plugin.html?id=nosignal.omasend (redirect page)
  + /plugins/io.github.juancasanueva.plugin-manager/ -> https://plugins.omarchy.org/plugin.html?id=io.github.juancasanueva.plugin-manager (redirect page)
  + /plugins/omalogo/ -> https://plugins.omarchy.org/plugin.html?id=omalogo (redirect page)
  + /plugins/leomoon-studios.omarchy-persian-calendar/ -> https://plugins.omarchy.org/plugin.html?id=leomoon-studios.omarchy-persian-calendar (redirect page)
  + /plugins/io.github.alivault.omarchy-unified-launcher/ -> https://plugins.omarchy.org/plugin.html?id=io.github.alivault.omarchy-unified-launcher (redirect page)
  + /plugins/ucmz851.omagpu/ -> https://plugins.omarchy.org/plugin.html?id=ucmz851.omagpu (redirect page)
  + /plugins/kconfesor.hyprsidekick/ -> https://plugins.omarchy.org/plugin.html?id=kconfesor.hyprsidekick (redirect page)
  + /plugins/io.github.dpr.omarchy-market/ -> https://plugins.omarchy.org/plugin.html?id=io.github.dpr.omarchy-market (redirect page)
  + /plugins/caseonline.omarchy.office365/ -> https://plugins.omarchy.org/plugin.html?id=caseonline.omarchy.office365 (redirect page)
  + /plugins/io.github.ricky.ghstats/ -> https://plugins.omarchy.org/plugin.html?id=io.github.ricky.ghstats (redirect page)
  + /plugins/oorestisime.omaprune/ -> https://plugins.omarchy.org/plugin.html?id=oorestisime.omaprune (redirect page)
  + /plugins/danglenoir.duolingo/ -> https://plugins.omarchy.org/plugin.html?id=danglenoir.duolingo (redirect page)
  + /plugins/user.omastream/ -> https://plugins.omarchy.org/plugin.html?id=user.omastream (redirect page)
  + /plugins/mrpbennett.sesh/ -> https://plugins.omarchy.org/plugin.html?id=mrpbennett.sesh (redirect page)
  + /plugins/bscott.exedev/ -> https://plugins.omarchy.org/plugin.html?id=bscott.exedev (redirect page)
  + /plugins/scope/ -> https://plugins.omarchy.org/plugin.html?id=scope (redirect page)
  + /plugins/salted.bar/ -> https://plugins.omarchy.org/plugin.html?id=salted.bar (redirect page)
  + /plugins/io.github.codefoundryza.posture/ -> https://plugins.omarchy.org/plugin.html?id=io.github.codefoundryza.posture (redirect page)
  + /plugins/omaramp/ -> https://plugins.omarchy.org/plugin.html?id=omaramp (redirect page)
  + /plugins/bibek.ytdl/ -> https://plugins.omarchy.org/plugin.html?id=bibek.ytdl (redirect page)
  + /plugins/igoroh.omaraoke/ -> https://plugins.omarchy.org/plugin.html?id=igoroh.omaraoke (redirect page)
  + /plugins/luca.omastonk/ -> https://plugins.omarchy.org/plugin.html?id=luca.omastonk (redirect page)
  + /plugins/rams.proton-drive/ -> https://plugins.omarchy.org/plugin.html?id=rams.proton-drive (redirect page)
  + /plugins/io.github.kkosu.tmpfs-monitor/ -> https://plugins.omarchy.org/plugin.html?id=io.github.kkosu.tmpfs-monitor (redirect page)
  + /plugins/ryuhzk.simfarm/ -> https://plugins.omarchy.org/plugin.html?id=ryuhzk.simfarm (redirect page)
  + /plugins/io.github.sspaeti.timezones/ -> https://plugins.omarchy.org/plugin.html?id=io.github.sspaeti.timezones (redirect page)
  + /plugins/michielryvers.awair-local/ -> https://plugins.omarchy.org/plugin.html?id=michielryvers.awair-local (redirect page)
  + /plugins/local.dmenu/ -> https://plugins.omarchy.org/plugin.html?id=local.dmenu (redirect page)
  + /plugins/setup.defaults/ -> https://plugins.omarchy.org/plugin.html?id=setup.defaults (redirect page)
  + /plugins/io.github.kristoferlund.webcam/ -> https://plugins.omarchy.org/plugin.html?id=io.github.kristoferlund.webcam (redirect page)
  + /plugins/tsouth89.signal/ -> https://plugins.omarchy.org/plugin.html?id=tsouth89.signal (redirect page)
  + /plugins/io.github.waynekruger.fretwise/ -> https://plugins.omarchy.org/plugin.html?id=io.github.waynekruger.fretwise (redirect page)
  + /plugins/io.github.sohanemon.submap/ -> https://plugins.omarchy.org/plugin.html?id=io.github.sohanemon.submap (redirect page)
  + /plugins/castr.indicator/ -> https://plugins.omarchy.org/plugin.html?id=castr.indicator (redirect page)
  + /plugins/luca.coolify/ -> https://plugins.omarchy.org/plugin.html?id=luca.coolify (redirect page)
  + /plugins/io.github.mich-nduka.omaports/ -> https://plugins.omarchy.org/plugin.html?id=io.github.mich-nduka.omaports (redirect page)
  + /plugins/io.github.rodrix2000.chess/ -> https://plugins.omarchy.org/plugin.html?id=io.github.rodrix2000.chess (redirect page)
  + /plugins/mlambert-uk.govee/ -> https://plugins.omarchy.org/plugin.html?id=mlambert-uk.govee (redirect page)
  + /plugins/io.github.thebenwalther.omalab/ -> https://plugins.omarchy.org/plugin.html?id=io.github.thebenwalther.omalab (redirect page)
  + /plugins/contra.nightlight/ -> https://plugins.omarchy.org/plugin.html?id=contra.nightlight (redirect page)
  + /plugins/vdsabev.omagotchi/ -> https://plugins.omarchy.org/plugin.html?id=vdsabev.omagotchi (redirect page)
  + /plugins/contra.voxtype-tray/ -> https://plugins.omarchy.org/plugin.html?id=contra.voxtype-tray (redirect page)
  + /plugins/emilsall.spotify-wallpaper/ -> https://plugins.omarchy.org/plugin.html?id=emilsall.spotify-wallpaper (redirect page)
  + /plugins/io.github.mrcode.prayer-times/ -> https://plugins.omarchy.org/plugin.html?id=io.github.mrcode.prayer-times (redirect page)
  + /plugins/kshatriya-abhay.nbfc/ -> https://plugins.omarchy.org/plugin.html?id=kshatriya-abhay.nbfc (redirect page)
  + /plugins/victorlcampos.slop-games/ -> https://plugins.omarchy.org/plugin.html?id=victorlcampos.slop-games (redirect page)
  + /plugins/io.github.amitcpatel.omabar-drawer/ -> https://plugins.omarchy.org/plugin.html?id=io.github.amitcpatel.omabar-drawer (redirect page)
  + /plugins/io.github.roman.ovaxry/ -> https://plugins.omarchy.org/plugin.html?id=io.github.roman.ovaxry (redirect page)
  + /plugins/io.github.marko-builds.duskpaper/ -> https://plugins.omarchy.org/plugin.html?id=io.github.marko-builds.duskpaper (redirect page)
  + /plugins/io.github.pjgeutjens.clockwork/ -> https://plugins.omarchy.org/plugin.html?id=io.github.pjgeutjens.clockwork (redirect page)
  + /plugins/io.github.pjgeutjens.expressvpn/ -> https://plugins.omarchy.org/plugin.html?id=io.github.pjgeutjens.expressvpn (redirect page)
  + /plugins/meviusisback.ai-subs/ -> https://plugins.omarchy.org/plugin.html?id=meviusisback.ai-subs (redirect page)
  + /plugins/io.github.bolens.privacy-devices/ -> https://plugins.omarchy.org/plugin.html?id=io.github.bolens.privacy-devices (redirect page)
  + /plugins/io.github.vonsensey.specimen/ -> https://plugins.omarchy.org/plugin.html?id=io.github.vonsensey.specimen (redirect page)
  + /plugins/io.github.popidge.omasoccer/ -> https://plugins.omarchy.org/plugin.html?id=io.github.popidge.omasoccer (redirect page)
  + /plugins/io.github.eshayat102.ajazz-keyboard/ -> https://plugins.omarchy.org/plugin.html?id=io.github.eshayat102.ajazz-keyboard (redirect page)
  + /plugins/matteodevenuto.clock/ -> https://plugins.omarchy.org/plugin.html?id=matteodevenuto.clock (redirect page)
  + /plugins/mt-shihab26.omaspeedmeter/ -> https://plugins.omarchy.org/plugin.html?id=mt-shihab26.omaspeedmeter (redirect page)
  + /plugins/jesperlugner.wallsmith/ -> https://plugins.omarchy.org/plugin.html?id=jesperlugner.wallsmith (redirect page)
  + /plugins/io.github.villainru.thunderbird-mail-checker/ -> https://plugins.omarchy.org/plugin.html?id=io.github.villainru.thunderbird-mail-checker (redirect page)
  + /plugins/io.github.nilszeilon.omarchy-sensei/ -> https://plugins.omarchy.org/plugin.html?id=io.github.nilszeilon.omarchy-sensei (redirect page)
  + /plugins/io.github.thisisgm.slack/ -> https://plugins.omarchy.org/plugin.html?id=io.github.thisisgm.slack (redirect page)
  + /plugins/io.github.joshuaswarren.hardstop/ -> https://plugins.omarchy.org/plugin.html?id=io.github.joshuaswarren.hardstop (redirect page)
  + /plugins/io.github.guillechuma.trystation/ -> https://plugins.omarchy.org/plugin.html?id=io.github.guillechuma.trystation (redirect page)
  + /plugins/coak.omaloom/ -> https://plugins.omarchy.org/plugin.html?id=coak.omaloom (redirect page)
  + /plugins/melonamin.canary/ -> https://plugins.omarchy.org/plugin.html?id=melonamin.canary (redirect page)
  + /plugins/io.github.rizmi.terminal/ -> https://plugins.omarchy.org/plugin.html?id=io.github.rizmi.terminal (redirect page)
  + /plugins/io.github.herr-brandt.tour/ -> https://plugins.omarchy.org/plugin.html?id=io.github.herr-brandt.tour (redirect page)
  + /plugins/io.github.ranjithraj.idea-alerts/ -> https://plugins.omarchy.org/plugin.html?id=io.github.ranjithraj.idea-alerts (redirect page)
  + /plugins/io.github.maiosx.preview/ -> https://plugins.omarchy.org/plugin.html?id=io.github.maiosx.preview (redirect page)
  + /plugins/io.github.omar-sv88.vlans/ -> https://plugins.omarchy.org/plugin.html?id=io.github.omar-sv88.vlans (redirect page)
  + /plugins/eduardodallecort.flappy-pipes/ -> https://plugins.omarchy.org/plugin.html?id=eduardodallecort.flappy-pipes (redirect page)
  + /plugins/dev.alexandre.bible-search/ -> https://plugins.omarchy.org/plugin.html?id=dev.alexandre.bible-search (redirect page)
  + /plugins/io.github.joshuaswarren.shiplog/ -> https://plugins.omarchy.org/plugin.html?id=io.github.joshuaswarren.shiplog (redirect page)
  + /plugins/terminal.shop/ -> https://plugins.omarchy.org/plugin.html?id=terminal.shop (redirect page)
  + /plugins/io.github.jeffcortez23.omarchy-vibez/ -> https://plugins.omarchy.org/plugin.html?id=io.github.jeffcortez23.omarchy-vibez (redirect page)
  + /plugins/io.github.jacob-vincent-mink.omadigest/ -> https://plugins.omarchy.org/plugin.html?id=io.github.jacob-vincent-mink.omadigest (redirect page)
  + /plugins/io.github.ranjithraj.about-system/ -> https://plugins.omarchy.org/plugin.html?id=io.github.ranjithraj.about-system (redirect page)
  + /plugins/io.github.eshayat102.hide-icons/ -> https://plugins.omarchy.org/plugin.html?id=io.github.eshayat102.hide-icons (redirect page)
  + /plugins/salted.adhan/ -> https://plugins.omarchy.org/plugin.html?id=salted.adhan (redirect page)
  + /plugins/todo.plugin/ -> https://plugins.omarchy.org/plugin.html?id=todo.plugin (redirect page)
  + /plugins/io.github.diegopluna.iss-tracker/ -> https://plugins.omarchy.org/plugin.html?id=io.github.diegopluna.iss-tracker (redirect page)
  + /plugins/io.github.diegopluna.cassandra/ -> https://plugins.omarchy.org/plugin.html?id=io.github.diegopluna.cassandra (redirect page)
  + /plugins/jesseburlamaque.antigravity-usage/ -> https://plugins.omarchy.org/plugin.html?id=jesseburlamaque.antigravity-usage (redirect page)
  + /plugins/esh.confetti/ -> https://plugins.omarchy.org/plugin.html?id=esh.confetti (redirect page)
  + /plugins/io.github.joshuaswarren.remnic/ -> https://plugins.omarchy.org/plugin.html?id=io.github.joshuaswarren.remnic (redirect page)
  + /plugins/andreconde.tmux/ -> https://plugins.omarchy.org/plugin.html?id=andreconde.tmux (redirect page)
  + /plugins/andreconde.cockpit/ -> https://plugins.omarchy.org/plugin.html?id=andreconde.cockpit (redirect page)
  + /plugins/io.github.calebhat.weather/ -> https://plugins.omarchy.org/plugin.html?id=io.github.calebhat.weather (redirect page)
  + /plugins/io.github.yogeshojha.blip/ -> https://plugins.omarchy.org/plugin.html?id=io.github.yogeshojha.blip (redirect page)
  + /plugins/codefriendly.hackertyper/ -> https://plugins.omarchy.org/plugin.html?id=codefriendly.hackertyper (redirect page)
  + /plugins/io.github.luxore.octoprint/ -> https://plugins.omarchy.org/plugin.html?id=io.github.luxore.octoprint (redirect page)
  + /plugins/io.github.brm-src.omawatch/ -> https://plugins.omarchy.org/plugin.html?id=io.github.brm-src.omawatch (redirect page)
  + /plugins/signal-six.kaomarchy/ -> https://plugins.omarchy.org/plugin.html?id=signal-six.kaomarchy (redirect page)
  + /plugins/cucu0628.deskmate/ -> https://plugins.omarchy.org/plugin.html?id=cucu0628.deskmate (redirect page)
  + /plugins/io.github.jeremylongshore.mlb-booth/ -> https://plugins.omarchy.org/plugin.html?id=io.github.jeremylongshore.mlb-booth (redirect page)
  + /plugins/io.github.iainfreestone.toolroll/ -> https://plugins.omarchy.org/plugin.html?id=io.github.iainfreestone.toolroll (redirect page)
  + /plugins/io.github.sir-francisdrake.game-launcher/ -> https://plugins.omarchy.org/plugin.html?id=io.github.sir-francisdrake.game-launcher (redirect page)
  + /plugins/melonamin.apple-music/ -> https://plugins.omarchy.org/plugin.html?id=melonamin.apple-music (redirect page)
  + /plugins/atagulalan.omapanel/ -> https://plugins.omarchy.org/plugin.html?id=atagulalan.omapanel (redirect page)
  + /plugins/k4ditano.omascreen/ -> https://plugins.omarchy.org/plugin.html?id=k4ditano.omascreen (redirect page)
  + /plugins/com.aktivesolutions.cointoss/ -> https://plugins.omarchy.org/plugin.html?id=com.aktivesolutions.cointoss (redirect page)
  + /plugins/io.github.dlpwaters.retro-library/ -> https://plugins.omarchy.org/plugin.html?id=io.github.dlpwaters.retro-library (redirect page)
  + /plugins/rsd.omaquake/ -> https://plugins.omarchy.org/plugin.html?id=rsd.omaquake (redirect page)
  + /plugins/luotao.zen/ -> https://plugins.omarchy.org/plugin.html?id=luotao.zen (redirect page)
  + /plugins/dev.shantzware.monitor-profiles/ -> https://plugins.omarchy.org/plugin.html?id=dev.shantzware.monitor-profiles (redirect page)
  + /plugins/io.github.dylanmccavitt.cliamp-player/ -> https://plugins.omarchy.org/plugin.html?id=io.github.dylanmccavitt.cliamp-player (redirect page)
  + /plugins/io.github.kylekincer.airplay-audio/ -> https://plugins.omarchy.org/plugin.html?id=io.github.kylekincer.airplay-audio (redirect page)
  + /plugins/com.aktivesolutions.omacom/ -> https://plugins.omarchy.org/plugin.html?id=com.aktivesolutions.omacom (redirect page)
  + /plugins/io.github.ctl0v0.keybinding-guide/ -> https://plugins.omarchy.org/plugin.html?id=io.github.ctl0v0.keybinding-guide (redirect page)
  + /plugins/community.fnos-sync/ -> https://plugins.omarchy.org/plugin.html?id=community.fnos-sync (redirect page)
  + /plugins/hz.auto-brightness/ -> https://plugins.omarchy.org/plugin.html?id=hz.auto-brightness (redirect page)
  + /plugins/io.github.sahzudin.keymap/ -> https://plugins.omarchy.org/plugin.html?id=io.github.sahzudin.keymap (redirect page)
  + /plugins/io.github.sahzudin.omawall/ -> https://plugins.omarchy.org/plugin.html?id=io.github.sahzudin.omawall (redirect page)
  + /plugins/io.github.jeremylongshore.bazaar/ -> https://plugins.omarchy.org/plugin.html?id=io.github.jeremylongshore.bazaar (redirect page)
  + /plugins/kzagoris.codex-router-tray/ -> https://plugins.omarchy.org/plugin.html?id=kzagoris.codex-router-tray (redirect page)
  + /plugins/io.github.anelcelik.omaharbor/ -> https://plugins.omarchy.org/plugin.html?id=io.github.anelcelik.omaharbor (redirect page)
  + /plugins/omwatch/ -> https://plugins.omarchy.org/plugin.html?id=omwatch (redirect page)
  + /plugins/io.github.atif-1402.ai-panel/ -> https://plugins.omarchy.org/plugin.html?id=io.github.atif-1402.ai-panel (redirect page)
  + /plugins/alexzeitler.omalibre/ -> https://plugins.omarchy.org/plugin.html?id=alexzeitler.omalibre (redirect page)
  + /plugins/x692137x.powerwave/ -> https://plugins.omarchy.org/plugin.html?id=x692137x.powerwave (redirect page)
  + /plugins/io.github.sumdahl.lock/ -> https://plugins.omarchy.org/plugin.html?id=io.github.sumdahl.lock (redirect page)
  + /plugins/jmaeder.swissweather/ -> https://plugins.omarchy.org/plugin.html?id=jmaeder.swissweather (redirect page)
  + /plugins/ncc.yet-another-active-window/ -> https://plugins.omarchy.org/plugin.html?id=ncc.yet-another-active-window (redirect page)
  + /plugins/birdseye.window-overview/ -> https://plugins.omarchy.org/plugin.html?id=birdseye.window-overview (redirect page)
  + /plugins/io.github.tuthan.omasafe/ -> https://plugins.omarchy.org/plugin.html?id=io.github.tuthan.omasafe (redirect page)
  + /plugins/io.github.fze-fze.shortcut-sheet/ -> https://plugins.omarchy.org/plugin.html?id=io.github.fze-fze.shortcut-sheet (redirect page)
  + /plugins/pixeye.pokey/ -> https://plugins.omarchy.org/plugin.html?id=pixeye.pokey (redirect page)
  + /plugins/omakaomoji/ -> https://plugins.omarchy.org/plugin.html?id=omakaomoji (redirect page)
  + /plugins/sudhakar.gitnotice/ -> https://plugins.omarchy.org/plugin.html?id=sudhakar.gitnotice (redirect page)
  + /plugins/hamzahasann.totp/ -> https://plugins.omarchy.org/plugin.html?id=hamzahasann.totp (redirect page)
  + /plugins/io.github.guillechuma.gameoflife/ -> https://plugins.omarchy.org/plugin.html?id=io.github.guillechuma.gameoflife (redirect page)
  + /plugins/ianswope.stack/ -> https://plugins.omarchy.org/plugin.html?id=ianswope.stack (redirect page)
  + /plugins/l3aro.sudoku/ -> https://plugins.omarchy.org/plugin.html?id=l3aro.sudoku (redirect page)
  + /plugins/user.ethiopian-calendar/ -> https://plugins.omarchy.org/plugin.html?id=user.ethiopian-calendar (redirect page)
  + /plugins/io.github.jvaxx.scrolling-position/ -> https://plugins.omarchy.org/plugin.html?id=io.github.jvaxx.scrolling-position (redirect page)
  + /plugins/io.github.marko-builds.lodestar/ -> https://plugins.omarchy.org/plugin.html?id=io.github.marko-builds.lodestar (redirect page)
  + /plugins/meviusisback.mouse-settings/ -> https://plugins.omarchy.org/plugin.html?id=meviusisback.mouse-settings (redirect page)
  + /plugins/io.github.peterszarvas94.plugin-manager/ -> https://plugins.omarchy.org/plugin.html?id=io.github.peterszarvas94.plugin-manager (redirect page)
  + /plugins/itdir.cava/ -> https://plugins.omarchy.org/plugin.html?id=itdir.cava (redirect page)
  + /plugins/jobo.big-cheese/ -> https://plugins.omarchy.org/plugin.html?id=jobo.big-cheese (redirect page)
  + /plugins/io.github.rodrix2000.photodock/ -> https://plugins.omarchy.org/plugin.html?id=io.github.rodrix2000.photodock (redirect page)
  + /plugins/io.github.gsirawan.bitmochi/ -> https://plugins.omarchy.org/plugin.html?id=io.github.gsirawan.bitmochi (redirect page)
  + /plugins/luotao.microsandbox/ -> https://plugins.omarchy.org/plugin.html?id=luotao.microsandbox (redirect page)
  + /plugins/io.github.camerontucker.omaquickcalc/ -> https://plugins.omarchy.org/plugin.html?id=io.github.camerontucker.omaquickcalc (redirect page)
  + /plugins/io.github.thecdrz.sabarchy/ -> https://plugins.omarchy.org/plugin.html?id=io.github.thecdrz.sabarchy (redirect page)
  + /plugins/ga-research.shirabe/ -> https://plugins.omarchy.org/plugin.html?id=ga-research.shirabe (redirect page)
  + /plugins/io.github.ashutoshbind15.omarchy-voxtype-stats/ -> https://plugins.omarchy.org/plugin.html?id=io.github.ashutoshbind15.omarchy-voxtype-stats (redirect page)
  + /plugins/sirwizardlizard.calendar/ -> https://plugins.omarchy.org/plugin.html?id=sirwizardlizard.calendar (redirect page)
  + /plugins/goktugvatandas.quick-chat/ -> https://plugins.omarchy.org/plugin.html?id=goktugvatandas.quick-chat (redirect page)
  + /plugins/omakeyboard.brightness/ -> https://plugins.omarchy.org/plugin.html?id=omakeyboard.brightness (redirect page)
  + /plugins/io.github.regionallyfamous.fukan/ -> https://plugins.omarchy.org/plugin.html?id=io.github.regionallyfamous.fukan (redirect page)
  + /plugins/ogarza.binaural-noise/ -> https://plugins.omarchy.org/plugin.html?id=ogarza.binaural-noise (redirect page)
  + /plugins/io.github.bhanuprassad.cricket/ -> https://plugins.omarchy.org/plugin.html?id=io.github.bhanuprassad.cricket (redirect page)
  + /plugins/gurvindersingh-web.system-stats/ -> https://plugins.omarchy.org/plugin.html?id=gurvindersingh-web.system-stats (redirect page)
  + /plugins/elijah.site-health/ -> https://plugins.omarchy.org/plugin.html?id=elijah.site-health (redirect page)
  + /plugins/ryrobes.hazel/ -> https://plugins.omarchy.org/plugin.html?id=ryrobes.hazel (redirect page)
  + /plugins/io.github.bhanuprassad.navigator/ -> https://plugins.omarchy.org/plugin.html?id=io.github.bhanuprassad.navigator (redirect page)
  + /plugins/io.github.joshuaswarren.somafm/ -> https://plugins.omarchy.org/plugin.html?id=io.github.joshuaswarren.somafm (redirect page)
  + /plugins/burninc0de.dock/ -> https://plugins.omarchy.org/plugin.html?id=burninc0de.dock (redirect page)
  + /plugins/dghelm.herdy/ -> https://plugins.omarchy.org/plugin.html?id=dghelm.herdy (redirect page)
  + /plugins/ssimo.bg-pasticcio/ -> https://plugins.omarchy.org/plugin.html?id=ssimo.bg-pasticcio (redirect page)
  + /plugins/io.github.rawritude.floating-mode/ -> https://plugins.omarchy.org/plugin.html?id=io.github.rawritude.floating-mode (redirect page)
  + /plugins/io.github.knutsi.yr/ -> https://plugins.omarchy.org/plugin.html?id=io.github.knutsi.yr (redirect page)
  + /plugins/io.github.bhanuprassad.try/ -> https://plugins.omarchy.org/plugin.html?id=io.github.bhanuprassad.try (redirect page)
  + /plugins/harel.omarchy-synchro/ -> https://plugins.omarchy.org/plugin.html?id=harel.omarchy-synchro (redirect page)
  + /plugins/nosignal.motion-wallpaper/ -> https://plugins.omarchy.org/plugin.html?id=nosignal.motion-wallpaper (redirect page)
  + /plugins/io.github.davidxap.omarchy-zen/ -> https://plugins.omarchy.org/plugin.html?id=io.github.davidxap.omarchy-zen (redirect page)
  + /plugins/io.github.amitcpatel.homearchy/ -> https://plugins.omarchy.org/plugin.html?id=io.github.amitcpatel.homearchy (redirect page)
  + /plugins/bms.videocorner/ -> https://plugins.omarchy.org/plugin.html?id=bms.videocorner (redirect page)
  + /plugins/io.github.randazraik.xray/ -> https://plugins.omarchy.org/plugin.html?id=io.github.randazraik.xray (redirect page)
  + /plugins/matteodevenuto.f1-sessions/ -> https://plugins.omarchy.org/plugin.html?id=matteodevenuto.f1-sessions (redirect page)
  + /plugins/io.github.aloglu.qwitch/ -> https://plugins.omarchy.org/plugin.html?id=io.github.aloglu.qwitch (redirect page)
  + /plugins/urielcuriel.ratbag/ -> https://plugins.omarchy.org/plugin.html?id=urielcuriel.ratbag (redirect page)
  + /plugins/io.github.fabiopauli.omaharness/ -> https://plugins.omarchy.org/plugin.html?id=io.github.fabiopauli.omaharness (redirect page)
  + /plugins/dimitar.openvpn/ -> https://plugins.omarchy.org/plugin.html?id=dimitar.openvpn (redirect page)
  + /plugins/riclib.capacities/ -> https://plugins.omarchy.org/plugin.html?id=riclib.capacities (redirect page)
  + /plugins/io.github.calebhat.themebook/ -> https://plugins.omarchy.org/plugin.html?id=io.github.calebhat.themebook (redirect page)
  + /plugins/wyatt.lull/ -> https://plugins.omarchy.org/plugin.html?id=wyatt.lull (redirect page)
  + /plugins/andrewbacon.daynight/ -> https://plugins.omarchy.org/plugin.html?id=andrewbacon.daynight (redirect page)
  + /plugins/io.github.sanjyay.wiggle/ -> https://plugins.omarchy.org/plugin.html?id=io.github.sanjyay.wiggle (redirect page)
  + /plugins/io.github.aastrand.panorama/ -> https://plugins.omarchy.org/plugin.html?id=io.github.aastrand.panorama (redirect page)
  + /plugins/io.github.bonesgit.omarchy-netdata/ -> https://plugins.omarchy.org/plugin.html?id=io.github.bonesgit.omarchy-netdata (redirect page)
  + /plugins/stefanmara.bookmarks/ -> https://plugins.omarchy.org/plugin.html?id=stefanmara.bookmarks (redirect page)
  + /plugins/io.github.regionallyfamous.fukumei/ -> https://plugins.omarchy.org/plugin.html?id=io.github.regionallyfamous.fukumei (redirect page)
  + /plugins/binaryclock.clock/ -> https://plugins.omarchy.org/plugin.html?id=binaryclock.clock (redirect page)
  + /plugins/io.github.juancasanueva.developer-control-center/ -> https://plugins.omarchy.org/plugin.html?id=io.github.juancasanueva.developer-control-center (redirect page)
  + /plugins/avila.visualizer/ -> https://plugins.omarchy.org/plugin.html?id=avila.visualizer (redirect page)
  + /plugins/palccod.omalog/ -> https://plugins.omarchy.org/plugin.html?id=palccod.omalog (redirect page)
  + /plugins/sofos.workspaces/ -> https://plugins.omarchy.org/plugin.html?id=sofos.workspaces (redirect page)
  + /plugins/io.github.thebenwalther.switchboard/ -> https://plugins.omarchy.org/plugin.html?id=io.github.thebenwalther.switchboard (redirect page)
  + /plugins/adam.codex-threads/ -> https://plugins.omarchy.org/plugin.html?id=adam.codex-threads (redirect page)
  + /plugins/pretty.omagen/ -> https://plugins.omarchy.org/plugin.html?id=pretty.omagen (redirect page)
  + /plugins/sofos.clock/ -> https://plugins.omarchy.org/plugin.html?id=sofos.clock (redirect page)
  + /plugins/kairos.flight-tracker/ -> https://plugins.omarchy.org/plugin.html?id=kairos.flight-tracker (redirect page)
  + /plugins/rohaquinlop.agent-collectors/ -> https://plugins.omarchy.org/plugin.html?id=rohaquinlop.agent-collectors (redirect page)
  + /plugins/io.github.alejandro-llanes.news/ -> https://plugins.omarchy.org/plugin.html?id=io.github.alejandro-llanes.news (redirect page)
  + /plugins/io.github.dupontbertrand.omasync/ -> https://plugins.omarchy.org/plugin.html?id=io.github.dupontbertrand.omasync (redirect page)
  + /plugins/io.github.sponno.tiling-trainer/ -> https://plugins.omarchy.org/plugin.html?id=io.github.sponno.tiling-trainer (redirect page)
  + /plugins/andreconde.quattro-corners/ -> https://plugins.omarchy.org/plugin.html?id=andreconde.quattro-corners (redirect page)
  + /plugins/crueber.rpgdice/ -> https://plugins.omarchy.org/plugin.html?id=crueber.rpgdice (redirect page)
  + /plugins/io.github.overview/ -> https://plugins.omarchy.org/plugin.html?id=io.github.overview (redirect page)
  + /plugins/io.github.glitzypanic.runpod-monitor/ -> https://plugins.omarchy.org/plugin.html?id=io.github.glitzypanic.runpod-monitor (redirect page)
  + /plugins/io.github.bscott.omazel/ -> https://plugins.omarchy.org/plugin.html?id=io.github.bscott.omazel (redirect page)
  + /plugins/io.github.mwaltzer.reprise/ -> https://plugins.omarchy.org/plugin.html?id=io.github.mwaltzer.reprise (redirect page)
  + /plugins/io.yasino55.omarchy-plugin-marketplace/ -> https://plugins.omarchy.org/plugin.html?id=io.yasino55.omarchy-plugin-marketplace (redirect page)
  + /plugins/io.github.diogogc.simple-openvpn/ -> https://plugins.omarchy.org/plugin.html?id=io.github.diogogc.simple-openvpn (redirect page)
  + /plugins/omaplug/ -> https://plugins.omarchy.org/plugin.html?id=omaplug (redirect page)
  + /plugins/com.flaviomedeiros.rss.headlines/ -> https://plugins.omarchy.org/plugin.html?id=com.flaviomedeiros.rss.headlines (redirect page)
  + /plugins/io.github.devbrsa.crypto-marquee/ -> https://plugins.omarchy.org/plugin.html?id=io.github.devbrsa.crypto-marquee (redirect page)
  + /plugins/luotao.adhd-kit/ -> https://plugins.omarchy.org/plugin.html?id=luotao.adhd-kit (redirect page)
  + /plugins/nosignal.everythingcoder/ -> https://plugins.omarchy.org/plugin.html?id=nosignal.everythingcoder (redirect page)
  + /plugins/meviusisback.keybinds/ -> https://plugins.omarchy.org/plugin.html?id=meviusisback.keybinds (redirect page)
  + /plugins/skoom.beszel/ -> https://plugins.omarchy.org/plugin.html?id=skoom.beszel (redirect page)
  + /plugins/jonasbove.devices/ -> https://plugins.omarchy.org/plugin.html?id=jonasbove.devices (redirect page)
  + /plugins/app.vaultez/ -> https://plugins.omarchy.org/plugin.html?id=app.vaultez (redirect page)
  + /plugins/io.github.nag3sy.feishin/ -> https://plugins.omarchy.org/plugin.html?id=io.github.nag3sy.feishin (redirect page)
  + /plugins/placq.proton-drive/ -> https://plugins.omarchy.org/plugin.html?id=placq.proton-drive (redirect page)
  + /plugins/nomarkoo.keyboard-layout/ -> https://plugins.omarchy.org/plugin.html?id=nomarkoo.keyboard-layout (redirect page)
  + /plugins/io.github.rodrix2000.moonshot/ -> https://plugins.omarchy.org/plugin.html?id=io.github.rodrix2000.moonshot (redirect page)
  + /plugins/io.github.ejuro.omamap/ -> https://plugins.omarchy.org/plugin.html?id=io.github.ejuro.omamap (redirect page)
  + /plugins/nosignal.quattroids/ -> https://plugins.omarchy.org/plugin.html?id=nosignal.quattroids (redirect page)
  + /plugins/donovan.aura/ -> https://plugins.omarchy.org/plugin.html?id=donovan.aura (redirect page)
  + /plugins/io.github.camerontucker.omahero/ -> https://plugins.omarchy.org/plugin.html?id=io.github.camerontucker.omahero (redirect page)
  + /plugins/io.github.thedarkcr0w.goxlr/ -> https://plugins.omarchy.org/plugin.html?id=io.github.thedarkcr0w.goxlr (redirect page)
  + /plugins/io.github.jeremylongshore.wait-state/ -> https://plugins.omarchy.org/plugin.html?id=io.github.jeremylongshore.wait-state (redirect page)
  + /plugins/mrai.keyguide/ -> https://plugins.omarchy.org/plugin.html?id=mrai.keyguide (redirect page)
  + /plugins/sgruendel.airq/ -> https://plugins.omarchy.org/plugin.html?id=sgruendel.airq (redirect page)
  + /plugins/bottelet.cve-watcher/ -> https://plugins.omarchy.org/plugin.html?id=bottelet.cve-watcher (redirect page)
  + /plugins/carmelo.autohide-bar/ -> https://plugins.omarchy.org/plugin.html?id=carmelo.autohide-bar (redirect page)
  + /plugins/bottelet.is-it-down/ -> https://plugins.omarchy.org/plugin.html?id=bottelet.is-it-down (redirect page)
  + /plugins/bottelet.quickdocs/ -> https://plugins.omarchy.org/plugin.html?id=bottelet.quickdocs (redirect page)
  + /plugins/io.github.nepomuk-software.multivpn/ -> https://plugins.omarchy.org/plugin.html?id=io.github.nepomuk-software.multivpn (redirect page)
  + /plugins/io.github.nepomuk-software.kubecontext/ -> https://plugins.omarchy.org/plugin.html?id=io.github.nepomuk-software.kubecontext (redirect page)
  + /plugins/io.github.dfrost90.steelseries-mice/ -> https://plugins.omarchy.org/plugin.html?id=io.github.dfrost90.steelseries-mice (redirect page)
  + /plugins/io.github.joshuaswarren.plexmini/ -> https://plugins.omarchy.org/plugin.html?id=io.github.joshuaswarren.plexmini (redirect page)
  + /plugins/com.sighmon.spacex-tv/ -> https://plugins.omarchy.org/plugin.html?id=com.sighmon.spacex-tv (redirect page)
  + /plugins/ch.wertstifter.tyme/ -> https://plugins.omarchy.org/plugin.html?id=ch.wertstifter.tyme (redirect page)
  + /plugins/io.github.markoalleno.aerials/ -> https://plugins.omarchy.org/plugin.html?id=io.github.markoalleno.aerials (redirect page)
  + /plugins/andreconde.project-focus/ -> https://plugins.omarchy.org/plugin.html?id=andreconde.project-focus (redirect page)
  + /plugins/andreconde.bar-studio/ -> https://plugins.omarchy.org/plugin.html?id=andreconde.bar-studio (redirect page)
  + /plugins/io.github.cempack.hearth/ -> https://plugins.omarchy.org/plugin.html?id=io.github.cempack.hearth (redirect page)
  + /plugins/priard.before-sunset/ -> https://plugins.omarchy.org/plugin.html?id=priard.before-sunset (redirect page)
  + /plugins/io.github.ilkaydnc.omargb/ -> https://plugins.omarchy.org/plugin.html?id=io.github.ilkaydnc.omargb (redirect page)
  + /plugins/io.github.thecdrz.pebble/ -> https://plugins.omarchy.org/plugin.html?id=io.github.thecdrz.pebble (redirect page)
  + /plugins/salted.atom/ -> https://plugins.omarchy.org/plugin.html?id=salted.atom (redirect page)
  + /plugins/io.github.weedwhitesandwine.japanquake/ -> https://plugins.omarchy.org/plugin.html?id=io.github.weedwhitesandwine.japanquake (redirect page)
  + /plugins/oma.chess/ -> https://plugins.omarchy.org/plugin.html?id=oma.chess (redirect page)
  + /plugins/foresight.ryzenadj/ -> https://plugins.omarchy.org/plugin.html?id=foresight.ryzenadj (redirect page)
  + /plugins/tenzin.auto-workspace/ -> https://plugins.omarchy.org/plugin.html?id=tenzin.auto-workspace (redirect page)
  + /plugins/ayumad.g14-controls/ -> https://plugins.omarchy.org/plugin.html?id=ayumad.g14-controls (redirect page)
  + /plugins/syskey8.pomodoro/ -> https://plugins.omarchy.org/plugin.html?id=syskey8.pomodoro (redirect page)
  + /plugins/donz.beacon/ -> https://plugins.omarchy.org/plugin.html?id=donz.beacon (redirect page)
  + /plugins/andreconde.omarchy-restore/ -> https://plugins.omarchy.org/plugin.html?id=andreconde.omarchy-restore (redirect page)
  + /plugins/andreconde.quick-look/ -> https://plugins.omarchy.org/plugin.html?id=andreconde.quick-look (redirect page)
  + /plugins/kjk.tetrycy/ -> https://plugins.omarchy.org/plugin.html?id=kjk.tetrycy (redirect page)
  + /plugins/slcode777.omagotchi/ -> https://plugins.omarchy.org/plugin.html?id=slcode777.omagotchi (redirect page)
  + /plugins/io.github.digitalpals.omarchy-t3code/ -> https://plugins.omarchy.org/plugin.html?id=io.github.digitalpals.omarchy-t3code (redirect page)
  + /plugins/melonamin.seven/ -> https://plugins.omarchy.org/plugin.html?id=melonamin.seven (redirect page)
  + /plugins/reysu.things/ -> https://plugins.omarchy.org/plugin.html?id=reysu.things (redirect page)
  + /plugins/io.github.kevhq.escape-velocity/ -> https://plugins.omarchy.org/plugin.html?id=io.github.kevhq.escape-velocity (redirect page)
  + /plugins/io.github.roymckenzie.omarchy-mail/ -> https://plugins.omarchy.org/plugin.html?id=io.github.roymckenzie.omarchy-mail (redirect page)
  + /plugins/remco.wireguard/ -> https://plugins.omarchy.org/plugin.html?id=remco.wireguard (redirect page)
  + /plugins/abdulrahman.hadith/ -> https://plugins.omarchy.org/plugin.html?id=abdulrahman.hadith (redirect page)
  + /plugins/io.github.omadeezer/ -> https://plugins.omarchy.org/plugin.html?id=io.github.omadeezer (redirect page)
  + /plugins/io.github.dicemans.docker-vms/ -> https://plugins.omarchy.org/plugin.html?id=io.github.dicemans.docker-vms (redirect page)
  + /plugins/io.github.viganogabriele.agent-usage-plus/ -> https://plugins.omarchy.org/plugin.html?id=io.github.viganogabriele.agent-usage-plus (redirect page)
  + /plugins/hackxit.chromecast/ -> https://plugins.omarchy.org/plugin.html?id=hackxit.chromecast (redirect page)
  + /plugins/digitalpals.model-usage/ -> https://plugins.omarchy.org/plugin.html?id=digitalpals.model-usage (redirect page)
  + /plugins/luotao.pinball/ -> https://plugins.omarchy.org/plugin.html?id=luotao.pinball (redirect page)
  + /plugins/io.github.dlpwaters.stem-splitter/ -> https://plugins.omarchy.org/plugin.html?id=io.github.dlpwaters.stem-splitter (redirect page)
  + /plugins/io.github.dlpwaters.imagegen/ -> https://plugins.omarchy.org/plugin.html?id=io.github.dlpwaters.imagegen (redirect page)
  + /plugins/countless.osu-typing-sounds/ -> https://plugins.omarchy.org/plugin.html?id=countless.osu-typing-sounds (redirect page)
  + /plugins/io.github.salemsayed.omaherd/ -> https://plugins.omarchy.org/plugin.html?id=io.github.salemsayed.omaherd (redirect page)
  + /plugins/io.github.dlpwaters.open-notebook/ -> https://plugins.omarchy.org/plugin.html?id=io.github.dlpwaters.open-notebook (redirect page)
  + /plugins/io.github.viganogabriele.fast-note-todo/ -> https://plugins.omarchy.org/plugin.html?id=io.github.viganogabriele.fast-note-todo (redirect page)
  + /plugins/jmaeder.frenchdict-cnrtl/ -> https://plugins.omarchy.org/plugin.html?id=jmaeder.frenchdict-cnrtl (redirect page)
  + /plugins/salted.bartoggle/ -> https://plugins.omarchy.org/plugin.html?id=salted.bartoggle (redirect page)
  + /plugins/com.cyfrowynomada.audio-visualizer/ -> https://plugins.omarchy.org/plugin.html?id=com.cyfrowynomada.audio-visualizer (redirect page)
  + /plugins/io.github.salemsayed.omatender/ -> https://plugins.omarchy.org/plugin.html?id=io.github.salemsayed.omatender (redirect page)
  + /plugins/dlpwaters.deep-thoughts/ -> https://plugins.omarchy.org/plugin.html?id=dlpwaters.deep-thoughts (redirect page)
  + /plugins/io.github.parnoldx.one-thing/ -> https://plugins.omarchy.org/plugin.html?id=io.github.parnoldx.one-thing (redirect page)
  + /plugins/expose.window-overview/ -> https://plugins.omarchy.org/plugin.html?id=expose.window-overview (redirect page)
  + /plugins/omaclean/ -> https://plugins.omarchy.org/plugin.html?id=omaclean (redirect page)
  + /plugins/abdulrahman.athkar/ -> https://plugins.omarchy.org/plugin.html?id=abdulrahman.athkar (redirect page)
  + /plugins/io.github.vuhungthang.monitor-studio/ -> https://plugins.omarchy.org/plugin.html?id=io.github.vuhungthang.monitor-studio (redirect page)
  + /plugins/abdulrahman.athan/ -> https://plugins.omarchy.org/plugin.html?id=abdulrahman.athan (redirect page)
  + /plugins/andrewf.keyboard-idle/ -> https://plugins.omarchy.org/plugin.html?id=andrewf.keyboard-idle (redirect page)
  + /plugins/piyush.omaswitch/ -> https://plugins.omarchy.org/plugin.html?id=piyush.omaswitch (redirect page)
  + /plugins/wyatt.oloopsy/ -> https://plugins.omarchy.org/plugin.html?id=wyatt.oloopsy (redirect page)
  + /plugins/bottelet.podcasts/ -> https://plugins.omarchy.org/plugin.html?id=bottelet.podcasts (redirect page)
  + /plugins/nosignal.omalava/ -> https://plugins.omarchy.org/plugin.html?id=nosignal.omalava (redirect page)
  + /plugins/radiogram.radiogram/ -> https://plugins.omarchy.org/plugin.html?id=radiogram.radiogram (redirect page)
  + /plugins/io.github.whelanh.catholic-reference/ -> https://plugins.omarchy.org/plugin.html?id=io.github.whelanh.catholic-reference (redirect page)
  + /plugins/io.github.varo6.screenshot-tooling/ -> https://plugins.omarchy.org/plugin.html?id=io.github.varo6.screenshot-tooling (redirect page)
  + /plugins/lef.password-store/ -> https://plugins.omarchy.org/plugin.html?id=lef.password-store (redirect page)
  + /plugins/lef.messaging/ -> https://plugins.omarchy.org/plugin.html?id=lef.messaging (redirect page)
  + /plugins/lef.keyboard-layout/ -> https://plugins.omarchy.org/plugin.html?id=lef.keyboard-layout (redirect page)
  + /plugins/lef.wallpaper-rotate/ -> https://plugins.omarchy.org/plugin.html?id=lef.wallpaper-rotate (redirect page)
  + /plugins/io.github.adibains.manual-backlight-lock/ -> https://plugins.omarchy.org/plugin.html?id=io.github.adibains.manual-backlight-lock (redirect page)
  + /plugins/brianstarke.ometronorth/ -> https://plugins.omarchy.org/plugin.html?id=brianstarke.ometronorth (redirect page)
  + /plugins/ai.bkblab.displaywright/ -> https://plugins.omarchy.org/plugin.html?id=ai.bkblab.displaywright (redirect page)
  + /plugins/palccod.omas/ -> https://plugins.omarchy.org/plugin.html?id=palccod.omas (redirect page)
  + /plugins/io.github.unr3leas3d.steam-recent/ -> https://plugins.omarchy.org/plugin.html?id=io.github.unr3leas3d.steam-recent (redirect page)
  + /plugins/io.github.mtolhuys.theme-manager/ -> https://plugins.omarchy.org/plugin.html?id=io.github.mtolhuys.theme-manager (redirect page)
  + /plugins/io.github.krishang-zinzuwadia.omarchy-clipboard/ -> https://plugins.omarchy.org/plugin.html?id=io.github.krishang-zinzuwadia.omarchy-clipboard (redirect page)
  + /plugins/io.github.homie10.catch/ -> https://plugins.omarchy.org/plugin.html?id=io.github.homie10.catch (redirect page)
  + /plugins/gotar.omarchy-themes/ -> https://plugins.omarchy.org/plugin.html?id=gotar.omarchy-themes (redirect page)
  + /plugins/seabass.clamshell/ -> https://plugins.omarchy.org/plugin.html?id=seabass.clamshell (redirect page)
  + /plugins/io.github.keithnyc.omacade/ -> https://plugins.omarchy.org/plugin.html?id=io.github.keithnyc.omacade (redirect page)
  + /plugins/io.github.pjgeutjens.voicenotes/ -> https://plugins.omarchy.org/plugin.html?id=io.github.pjgeutjens.voicenotes (redirect page)
  + /plugins/io.github.woogy7.workspaces/ -> https://plugins.omarchy.org/plugin.html?id=io.github.woogy7.workspaces (redirect page)
  + /plugins/wessel.better-emojis/ -> https://plugins.omarchy.org/plugin.html?id=wessel.better-emojis (redirect page)
  + /plugins/io.github.jondkinney.oma2fa/ -> https://plugins.omarchy.org/plugin.html?id=io.github.jondkinney.oma2fa (redirect page)
  + /plugins/marc.quattrosched/ -> https://plugins.omarchy.org/plugin.html?id=marc.quattrosched (redirect page)
  + /plugins/io.github.sanjyay.zenmode/ -> https://plugins.omarchy.org/plugin.html?id=io.github.sanjyay.zenmode (redirect page)
  + /plugins/jankeesvw.gmail-inbox/ -> https://plugins.omarchy.org/plugin.html?id=jankeesvw.gmail-inbox (redirect page)
  + /plugins/bottelet.slack/ -> https://plugins.omarchy.org/plugin.html?id=bottelet.slack (redirect page)
  + /plugins/io.github.thebenwalther.wiretap/ -> https://plugins.omarchy.org/plugin.html?id=io.github.thebenwalther.wiretap (redirect page)
  + /plugins/vandaimer.text-polish/ -> https://plugins.omarchy.org/plugin.html?id=vandaimer.text-polish (redirect page)
  + /plugins/io.github.ivankuznetsov.hive-status/ -> https://plugins.omarchy.org/plugin.html?id=io.github.ivankuznetsov.hive-status (redirect page)
  + /plugins/io.github.joega.sportray/ -> https://plugins.omarchy.org/plugin.html?id=io.github.joega.sportray (redirect page)
  + /plugins/cinco.batteries/ -> https://plugins.omarchy.org/plugin.html?id=cinco.batteries (redirect page)
  + /plugins/io.github.endijs.t2-fan-control/ -> https://plugins.omarchy.org/plugin.html?id=io.github.endijs.t2-fan-control (redirect page)
  + /plugins/display.panel/ -> https://plugins.omarchy.org/plugin.html?id=display.panel (redirect page)
  + /plugins/io.github.n1byn1kt.garmin/ -> https://plugins.omarchy.org/plugin.html?id=io.github.n1byn1kt.garmin (redirect page)
  + /plugins/b404dev.gitbar/ -> https://plugins.omarchy.org/plugin.html?id=b404dev.gitbar (redirect page)
  + /plugins/gigor.folder/ -> https://plugins.omarchy.org/plugin.html?id=gigor.folder (redirect page)
  + /plugins/io.github.ef-code.access-profiles/ -> https://plugins.omarchy.org/plugin.html?id=io.github.ef-code.access-profiles (redirect page)
  + /plugins/shafayet.finder/ -> https://plugins.omarchy.org/plugin.html?id=shafayet.finder (redirect page)
  + /plugins/kshatriya-abhay.wiz-lights/ -> https://plugins.omarchy.org/plugin.html?id=kshatriya-abhay.wiz-lights (redirect page)
  + /plugins/io.github.boyoyooo.whatsmarchy/ -> https://plugins.omarchy.org/plugin.html?id=io.github.boyoyooo.whatsmarchy (redirect page)
  + /plugins/io.github.rolfkoenders.keeply/ -> https://plugins.omarchy.org/plugin.html?id=io.github.rolfkoenders.keeply (redirect page)
  + /plugins/io.github.bogard1.doom/ -> https://plugins.omarchy.org/plugin.html?id=io.github.bogard1.doom (redirect page)
  + /plugins/cassian.vct-scoreline/ -> https://plugins.omarchy.org/plugin.html?id=cassian.vct-scoreline (redirect page)
  + /plugins/com.cyfrowynomada.fluid-clouds/ -> https://plugins.omarchy.org/plugin.html?id=com.cyfrowynomada.fluid-clouds (redirect page)
  + /plugins/networkchuck.scripture-scroller/ -> https://plugins.omarchy.org/plugin.html?id=networkchuck.scripture-scroller (redirect page)
  + /plugins/io.github.denisdmarques.openvpn-certpass/ -> https://plugins.omarchy.org/plugin.html?id=io.github.denisdmarques.openvpn-certpass (redirect page)
  + /plugins/io.github.daventhedude.omarchief/ -> https://plugins.omarchy.org/plugin.html?id=io.github.daventhedude.omarchief (redirect page)
  + /plugins/tyrsolution.app-launcher/ -> https://plugins.omarchy.org/plugin.html?id=tyrsolution.app-launcher (redirect page)
  + /plugins/quakattro/ -> https://plugins.omarchy.org/plugin.html?id=quakattro (redirect page)
  + /plugins/com.jondkinney.vernier/ -> https://plugins.omarchy.org/plugin.html?id=com.jondkinney.vernier (redirect page)
  + /plugins/ryanyogan.omatop/ -> https://plugins.omarchy.org/plugin.html?id=ryanyogan.omatop (redirect page)
  + /plugins/garyliu.lunar-calendar/ -> https://plugins.omarchy.org/plugin.html?id=garyliu.lunar-calendar (redirect page)
  + /plugins/io.github.monomyth.meshpeek/ -> https://plugins.omarchy.org/plugin.html?id=io.github.monomyth.meshpeek (redirect page)
  + /plugins/yass-gr.screen-time/ -> https://plugins.omarchy.org/plugin.html?id=yass-gr.screen-time (redirect page)
  + /plugins/user.omarchy-notion/ -> https://plugins.omarchy.org/plugin.html?id=user.omarchy-notion (redirect page)
  + /plugins/io.github.chinofmaya.spaces/ -> https://plugins.omarchy.org/plugin.html?id=io.github.chinofmaya.spaces (redirect page)
  + /plugins/io.pixygon.micromachee/ -> https://plugins.omarchy.org/plugin.html?id=io.pixygon.micromachee (redirect page)
  + /plugins/dev.alexandre.moonlight-sunshine/ -> https://plugins.omarchy.org/plugin.html?id=dev.alexandre.moonlight-sunshine (redirect page)
  + /plugins/io.github.elevate08.qs-bitwarden-cli/ -> https://plugins.omarchy.org/plugin.html?id=io.github.elevate08.qs-bitwarden-cli (redirect page)
  + /plugins/bottelet.standup/ -> https://plugins.omarchy.org/plugin.html?id=bottelet.standup (redirect page)
  + /plugins/io.github.denisdmarques.network-routes/ -> https://plugins.omarchy.org/plugin.html?id=io.github.denisdmarques.network-routes (redirect page)
  + /plugins/vliang.habitgrid/ -> https://plugins.omarchy.org/plugin.html?id=vliang.habitgrid (redirect page)
  + /plugins/bottelet.focus-modes/ -> https://plugins.omarchy.org/plugin.html?id=bottelet.focus-modes (redirect page)
  + /plugins/io.github.cbullard.github-actions/ -> https://plugins.omarchy.org/plugin.html?id=io.github.cbullard.github-actions (redirect page)
  + /plugins/io.github.rohan-patnaik.solitaire/ -> https://plugins.omarchy.org/plugin.html?id=io.github.rohan-patnaik.solitaire (redirect page)
  + /plugins/avila.superrun/ -> https://plugins.omarchy.org/plugin.html?id=avila.superrun (redirect page)
  + /plugins/archisman-panigrahi.grayscale/ -> https://plugins.omarchy.org/plugin.html?id=archisman-panigrahi.grayscale (redirect page)
  + /plugins/io.github.elgemmy.cp-buddy/ -> https://plugins.omarchy.org/plugin.html?id=io.github.elgemmy.cp-buddy (redirect page)
  + /plugins/io.github.regionallyfamous.iromihon/ -> https://plugins.omarchy.org/plugin.html?id=io.github.regionallyfamous.iromihon (redirect page)
  + /plugins/omalive-lock/ -> https://plugins.omarchy.org/plugin.html?id=omalive-lock (redirect page)
  + /plugins/luotao.persona/ -> https://plugins.omarchy.org/plugin.html?id=luotao.persona (redirect page)
  + /plugins/io.github.kemezz.pitchfork/ -> https://plugins.omarchy.org/plugin.html?id=io.github.kemezz.pitchfork (redirect page)
  + /plugins/bottelet.omatidy/ -> https://plugins.omarchy.org/plugin.html?id=bottelet.omatidy (redirect page)
  + /plugins/net.moggia.voyager-layouts/ -> https://plugins.omarchy.org/plugin.html?id=net.moggia.voyager-layouts (redirect page)
  + /plugins/hancore.keyboard-center/ -> https://plugins.omarchy.org/plugin.html?id=hancore.keyboard-center (redirect page)
  + /plugins/hancore.overview-workspaces/ -> https://plugins.omarchy.org/plugin.html?id=hancore.overview-workspaces (redirect page)
  + /plugins/io.github.agata.omanano/ -> https://plugins.omarchy.org/plugin.html?id=io.github.agata.omanano (redirect page)
  + /plugins/wico216.tcg-player/ -> https://plugins.omarchy.org/plugin.html?id=wico216.tcg-player (redirect page)
  + /plugins/io.github.mutahir.omavault/ -> https://plugins.omarchy.org/plugin.html?id=io.github.mutahir.omavault (redirect page)
  + /plugins/panadestein.lexicon/ -> https://plugins.omarchy.org/plugin.html?id=panadestein.lexicon (redirect page)
  + /plugins/io.github.prudhviy99.omalive/ -> https://plugins.omarchy.org/plugin.html?id=io.github.prudhviy99.omalive (redirect page)
  + /plugins/io.github.prudhviy99.omascenes/ -> https://plugins.omarchy.org/plugin.html?id=io.github.prudhviy99.omascenes (redirect page)
  + /plugins/leomoon-studios.omarchy-typing-test/ -> https://plugins.omarchy.org/plugin.html?id=leomoon-studios.omarchy-typing-test (redirect page)
  + /plugins/io.github.prudhviy99.parametric-eq/ -> https://plugins.omarchy.org/plugin.html?id=io.github.prudhviy99.parametric-eq (redirect page)
  + /plugins/salmun-nister.luna/ -> https://plugins.omarchy.org/plugin.html?id=salmun-nister.luna (redirect page)
  + /plugins/io.github.rohan-patnaik.window-switcher/ -> https://plugins.omarchy.org/plugin.html?id=io.github.rohan-patnaik.window-switcher (redirect page)
  + /plugins/bredda.openathan/ -> https://plugins.omarchy.org/plugin.html?id=bredda.openathan (redirect page)
  + /plugins/omarchy-system-menu/ -> https://plugins.omarchy.org/plugin.html?id=omarchy-system-menu (redirect page)
  + /plugins/bredda.localsend/ -> https://plugins.omarchy.org/plugin.html?id=bredda.localsend (redirect page)
  + /plugins/ashuttl.linecast/ -> https://plugins.omarchy.org/plugin.html?id=ashuttl.linecast (redirect page)
  + /plugins/io.github.rohan-patnaik.zenpdf/ -> https://plugins.omarchy.org/plugin.html?id=io.github.rohan-patnaik.zenpdf (redirect page)
  + /plugins/io.github.kkosu.youtube-suggester/ -> https://plugins.omarchy.org/plugin.html?id=io.github.kkosu.youtube-suggester (redirect page)
  + /plugins/christestet.keepassxc/ -> https://plugins.omarchy.org/plugin.html?id=christestet.keepassxc (redirect page)
  + /plugins/sid.boot-macos/ -> https://plugins.omarchy.org/plugin.html?id=sid.boot-macos (redirect page)
  + /plugins/yooneskh.omaniclean/ -> https://plugins.omarchy.org/plugin.html?id=yooneskh.omaniclean (redirect page)
  + /plugins/sumiran.mirror-android/ -> https://plugins.omarchy.org/plugin.html?id=sumiran.mirror-android (redirect page)
  + /plugins/io.github.pulsebrowser.pomodoro/ -> https://plugins.omarchy.org/plugin.html?id=io.github.pulsebrowser.pomodoro (redirect page)
  + /plugins/io.github.fabiopauli.oligarchy-screensaver/ -> https://plugins.omarchy.org/plugin.html?id=io.github.fabiopauli.oligarchy-screensaver (redirect page)
  + /plugins/clipbasket.clipboard/ -> https://plugins.omarchy.org/plugin.html?id=clipbasket.clipboard (redirect page)
  + /plugins/io.github.moneytosms.asus/ -> https://plugins.omarchy.org/plugin.html?id=io.github.moneytosms.asus (redirect page)
  + /plugins/io.github.koenhendriks.menu-calculator/ -> https://plugins.omarchy.org/plugin.html?id=io.github.koenhendriks.menu-calculator (redirect page)
  + /plugins/eduard.power-timings/ -> https://plugins.omarchy.org/plugin.html?id=eduard.power-timings (redirect page)
  + /plugins/yashwanth.link/ -> https://plugins.omarchy.org/plugin.html?id=yashwanth.link (redirect page)
  + /plugins/ogarza.plugins.weather/ -> https://plugins.omarchy.org/plugin.html?id=ogarza.plugins.weather (redirect page)
  + /plugins/io.github.lubabs770.gamut/ -> https://plugins.omarchy.org/plugin.html?id=io.github.lubabs770.gamut (redirect page)
  + /plugins/io.github.poctek.hyprland-submap/ -> https://plugins.omarchy.org/plugin.html?id=io.github.poctek.hyprland-submap (redirect page)
  + /plugins/erijl.lock/ -> https://plugins.omarchy.org/plugin.html?id=erijl.lock (redirect page)
  + /plugins/io.github.cbullard.defthis/ -> https://plugins.omarchy.org/plugin.html?id=io.github.cbullard.defthis (redirect page)
  + /plugins/wbarakat.trace/ -> https://plugins.omarchy.org/plugin.html?id=wbarakat.trace (redirect page)
  + /plugins/io.github.thisisgm.adguard/ -> https://plugins.omarchy.org/plugin.html?id=io.github.thisisgm.adguard (redirect page)
  + /plugins/shokupan.omenu/ -> https://plugins.omarchy.org/plugin.html?id=shokupan.omenu (redirect page)
  + /plugins/shokupan.apexshot/ -> https://plugins.omarchy.org/plugin.html?id=shokupan.apexshot (redirect page)
  + /plugins/shokupan.dpms-guard/ -> https://plugins.omarchy.org/plugin.html?id=shokupan.dpms-guard (redirect page)
  + /plugins/runway.forecast/ -> https://plugins.omarchy.org/plugin.html?id=runway.forecast (redirect page)
  + /plugins/jltrench.textify/ -> https://plugins.omarchy.org/plugin.html?id=jltrench.textify (redirect page)
  + /plugins/e.bitcoin/ -> https://plugins.omarchy.org/plugin.html?id=e.bitcoin (redirect page)
  + /plugins/io.github.kirollosatef.hyprscroll2d/ -> https://plugins.omarchy.org/plugin.html?id=io.github.kirollosatef.hyprscroll2d (redirect page)
  + /plugins/io.github.dougfour.grok-usage/ -> https://plugins.omarchy.org/plugin.html?id=io.github.dougfour.grok-usage (redirect page)
  + /plugins/bivekk51.screentime/ -> https://plugins.omarchy.org/plugin.html?id=bivekk51.screentime (redirect page)
  + /plugins/jesperlugner.omaflow/ -> https://plugins.omarchy.org/plugin.html?id=jesperlugner.omaflow (redirect page)
  + /plugins/37signals.hey/ -> https://plugins.omarchy.org/plugin.html?id=37signals.hey (redirect page)
  + /plugins/io.github.liambateman.stoic-pulse/ -> https://plugins.omarchy.org/plugin.html?id=io.github.liambateman.stoic-pulse (redirect page)
  + /plugins/crueber.cwpractice/ -> https://plugins.omarchy.org/plugin.html?id=crueber.cwpractice (redirect page)
  + /plugins/dob.headphones/ -> https://plugins.omarchy.org/plugin.html?id=dob.headphones (redirect page)
  + /plugins/waqas.keyswap/ -> https://plugins.omarchy.org/plugin.html?id=waqas.keyswap (redirect page)
  + /plugins/dev-herni.minimized/ -> https://plugins.omarchy.org/plugin.html?id=dev-herni.minimized (redirect page)
  + /plugins/io.github.ajanraj.chroma/ -> https://plugins.omarchy.org/plugin.html?id=io.github.ajanraj.chroma (redirect page)
  + /plugins/io.github.twiking.omasettings/ -> https://plugins.omarchy.org/plugin.html?id=io.github.twiking.omasettings (redirect page)
  + /plugins/io.github.cgaray.mbta/ -> https://plugins.omarchy.org/plugin.html?id=io.github.cgaray.mbta (redirect page)
  + /plugins/case.monitor-switcher/ -> https://plugins.omarchy.org/plugin.html?id=case.monitor-switcher (redirect page)
  + /plugins/roymelgarv.omarchy-downloads/ -> https://plugins.omarchy.org/plugin.html?id=roymelgarv.omarchy-downloads (redirect page)
  + /plugins/taufderl.p2000-alarmeringen/ -> https://plugins.omarchy.org/plugin.html?id=taufderl.p2000-alarmeringen (redirect page)
  + /plugins/so.den/ -> https://plugins.omarchy.org/plugin.html?id=so.den (redirect page)
  + /plugins/wisdom.screen-zoom/ -> https://plugins.omarchy.org/plugin.html?id=wisdom.screen-zoom (redirect page)
  + /plugins/b.omanews/ -> https://plugins.omarchy.org/plugin.html?id=b.omanews (redirect page)
  + /plugins/io.github.ekrist1.nordstart/ -> https://plugins.omarchy.org/plugin.html?id=io.github.ekrist1.nordstart (redirect page)
  + /plugins/ksb.plugin-guard/ -> https://plugins.omarchy.org/plugin.html?id=ksb.plugin-guard (redirect page)
  + /plugins/archisman-panigrahi.quickbib/ -> https://plugins.omarchy.org/plugin.html?id=archisman-panigrahi.quickbib (redirect page)
  + /plugins/io.github.ajanraj.itsy-calendar/ -> https://plugins.omarchy.org/plugin.html?id=io.github.ajanraj.itsy-calendar (redirect page)
  + /plugins/boringday.wallpapers/ -> https://plugins.omarchy.org/plugin.html?id=boringday.wallpapers (redirect page)
  + /plugins/msegoviadev.walkingpad/ -> https://plugins.omarchy.org/plugin.html?id=msegoviadev.walkingpad (redirect page)
  + /plugins/nacchofer31.adb-devices/ -> https://plugins.omarchy.org/plugin.html?id=nacchofer31.adb-devices (redirect page)
  + /plugins/ocasadoc.gotospace/ -> https://plugins.omarchy.org/plugin.html?id=ocasadoc.gotospace (redirect page)
  + /plugins/io.github.ptgamr.omamux/ -> https://plugins.omarchy.org/plugin.html?id=io.github.ptgamr.omamux (redirect page)
  + /plugins/io.github.koyphish.audio-visualizer/ -> https://plugins.omarchy.org/plugin.html?id=io.github.koyphish.audio-visualizer (redirect page)
  + /plugins/tripleu.tor/ -> https://plugins.omarchy.org/plugin.html?id=tripleu.tor (redirect page)
  + /plugins/io.github.kitsunesemcalda.feader-rss/ -> https://plugins.omarchy.org/plugin.html?id=io.github.kitsunesemcalda.feader-rss (redirect page)
  + /plugins/io.github.joshivivek67.sys-process-manager/ -> https://plugins.omarchy.org/plugin.html?id=io.github.joshivivek67.sys-process-manager (redirect page)
  + /plugins/marc.temparchy/ -> https://plugins.omarchy.org/plugin.html?id=marc.temparchy (redirect page)
  + /plugins/mush.cricket/ -> https://plugins.omarchy.org/plugin.html?id=mush.cricket (redirect page)
  + /plugins/leweyse.omoide/ -> https://plugins.omarchy.org/plugin.html?id=leweyse.omoide (redirect page)
  + /plugins/skvggor.omavault/ -> https://plugins.omarchy.org/plugin.html?id=skvggor.omavault (redirect page)
  + /plugins/io.github.rickycbanks.osystemd/ -> https://plugins.omarchy.org/plugin.html?id=io.github.rickycbanks.osystemd (redirect page)
  + /plugins/io.github.joaodrp.controld/ -> https://plugins.omarchy.org/plugin.html?id=io.github.joaodrp.controld (redirect page)
  + /plugins/chase.kanban/ -> https://plugins.omarchy.org/plugin.html?id=chase.kanban (redirect page)
  + /plugins/io.github.silouanwright.look-elsewhere/ -> https://plugins.omarchy.org/plugin.html?id=io.github.silouanwright.look-elsewhere (redirect page)
  + /plugins/io.github.ptgamr.world-clock/ -> https://plugins.omarchy.org/plugin.html?id=io.github.ptgamr.world-clock (redirect page)
  + /plugins/space.passpage.shares/ -> https://plugins.omarchy.org/plugin.html?id=space.passpage.shares (redirect page)
  + /plugins/jesseburlamaque.omarchy-find/ -> https://plugins.omarchy.org/plugin.html?id=jesseburlamaque.omarchy-find (redirect page)
  + /plugins/devbook.futbar/ -> https://plugins.omarchy.org/plugin.html?id=devbook.futbar (redirect page)
  + /plugins/io.github.sspaeti.goatcounter/ -> https://plugins.omarchy.org/plugin.html?id=io.github.sspaeti.goatcounter (redirect page)
  + /plugins/io.github.aryagorjipour.nitro-keyboard/ -> https://plugins.omarchy.org/plugin.html?id=io.github.aryagorjipour.nitro-keyboard (redirect page)
  + /plugins/mhvac.ac/ -> https://plugins.omarchy.org/plugin.html?id=mhvac.ac (redirect page)
  + /plugins/io.github.dominicboettger.prompter/ -> https://plugins.omarchy.org/plugin.html?id=io.github.dominicboettger.prompter (redirect page)
  + /plugins/jellyfrog.everything-green/ -> https://plugins.omarchy.org/plugin.html?id=jellyfrog.everything-green (redirect page)
  + /plugins/rob.scratchpad/ -> https://plugins.omarchy.org/plugin.html?id=rob.scratchpad (redirect page)
  + /plugins/io.github.mar1.omarchy-deezer/ -> https://plugins.omarchy.org/plugin.html?id=io.github.mar1.omarchy-deezer (redirect page)
  + /plugins/kenhara.scriptural/ -> https://plugins.omarchy.org/plugin.html?id=kenhara.scriptural (redirect page)
  + /plugins/kenhara.encyclopedic/ -> https://plugins.omarchy.org/plugin.html?id=kenhara.encyclopedic (redirect page)
  + /plugins/kenhara.compliantish/ -> https://plugins.omarchy.org/plugin.html?id=kenhara.compliantish (redirect page)
  + /plugins/io.github.tyrichards.omaski/ -> https://plugins.omarchy.org/plugin.html?id=io.github.tyrichards.omaski (redirect page)
  + /plugins/cistatus/ -> https://plugins.omarchy.org/plugin.html?id=cistatus (redirect page)
  + /plugins/reviewqueue/ -> https://plugins.omarchy.org/plugin.html?id=reviewqueue (redirect page)
  + /plugins/sojoodi.memory-lane/ -> https://plugins.omarchy.org/plugin.html?id=sojoodi.memory-lane (redirect page)
  + /plugins/com.github.linuxgameruk.ollama-status/ -> https://plugins.omarchy.org/plugin.html?id=com.github.linuxgameruk.ollama-status (redirect page)
  + /plugins/io.github.tyrichards.clarity/ -> https://plugins.omarchy.org/plugin.html?id=io.github.tyrichards.clarity (redirect page)
  + /plugins/wisdom.omaherald/ -> https://plugins.omarchy.org/plugin.html?id=wisdom.omaherald (redirect page)
  + /plugins/io.github.jeffcortez23.omarchy-projector-cast/ -> https://plugins.omarchy.org/plugin.html?id=io.github.jeffcortez23.omarchy-projector-cast (redirect page)
  + /plugins/rafaelsieber.curl-check/ -> https://plugins.omarchy.org/plugin.html?id=rafaelsieber.curl-check (redirect page)
  + /plugins/io.github.sumdahl.livewallpaper/ -> https://plugins.omarchy.org/plugin.html?id=io.github.sumdahl.livewallpaper (redirect page)
  + /plugins/io.github.jeremylongshore.crew-chief/ -> https://plugins.omarchy.org/plugin.html?id=io.github.jeremylongshore.crew-chief (redirect page)
  + /plugins/io.pixygon.thread/ -> https://plugins.omarchy.org/plugin.html?id=io.pixygon.thread (redirect page)
  + /plugins/io.github.shivamnarkar47.omarchy-hotspot/ -> https://plugins.omarchy.org/plugin.html?id=io.github.shivamnarkar47.omarchy-hotspot (redirect page)
  + /plugins/io.github.jeremylongshore.docket/ -> https://plugins.omarchy.org/plugin.html?id=io.github.jeremylongshore.docket (redirect page)
  + /plugins/io.github.grzeskobyte.omagrid/ -> https://plugins.omarchy.org/plugin.html?id=io.github.grzeskobyte.omagrid (redirect page)
  + /plugins/parm.clock/ -> https://plugins.omarchy.org/plugin.html?id=parm.clock (redirect page)
  + /plugins/hancore.voxtype-enhance/ -> https://plugins.omarchy.org/plugin.html?id=hancore.voxtype-enhance (redirect page)
  + /plugins/io.github.ewinnington.omaboard/ -> https://plugins.omarchy.org/plugin.html?id=io.github.ewinnington.omaboard (redirect page)
  + /plugins/gbyx3.frigate/ -> https://plugins.omarchy.org/plugin.html?id=gbyx3.frigate (redirect page)
  + /plugins/omargram/ -> https://plugins.omarchy.org/plugin.html?id=omargram (redirect page)
  + /plugins/omarchy-google-calendar-clock/ -> https://plugins.omarchy.org/plugin.html?id=omarchy-google-calendar-clock (redirect page)
  + /plugins/io.github.jeremylongshore.x-files/ -> https://plugins.omarchy.org/plugin.html?id=io.github.jeremylongshore.x-files (redirect page)
  + /plugins/io.github.tmartinppc.omavert/ -> https://plugins.omarchy.org/plugin.html?id=io.github.tmartinppc.omavert (redirect page)
  + /plugins/do1mj.qrz/ -> https://plugins.omarchy.org/plugin.html?id=do1mj.qrz (redirect page)
  + /plugins/gmaxxxie.fcitx5-theme/ -> https://plugins.omarchy.org/plugin.html?id=gmaxxxie.fcitx5-theme (redirect page)
  + /plugins/yoyo.system-tidy/ -> https://plugins.omarchy.org/plugin.html?id=yoyo.system-tidy (redirect page)
  + /plugins/io.github.lijiawei0305-pixel.mihomo/ -> https://plugins.omarchy.org/plugin.html?id=io.github.lijiawei0305-pixel.mihomo (redirect page)
  + /plugins/omasr.radio/ -> https://plugins.omarchy.org/plugin.html?id=omasr.radio (redirect page)
  + /plugins/iaeluk.omastatus/ -> https://plugins.omarchy.org/plugin.html?id=iaeluk.omastatus (redirect page)
  + /plugins/costafot.autoduck/ -> https://plugins.omarchy.org/plugin.html?id=costafot.autoduck (redirect page)
  + /plugins/henri.hide-bar-on-fullscreen/ -> https://plugins.omarchy.org/plugin.html?id=henri.hide-bar-on-fullscreen (redirect page)
  + /plugins/io.github.regionallyfamous.studio/ -> https://plugins.omarchy.org/plugin.html?id=io.github.regionallyfamous.studio (redirect page)
  + /plugins/trevor.system-monitor/ -> https://plugins.omarchy.org/plugin.html?id=trevor.system-monitor (redirect page)
  + /plugins/io.github.ef-code.mcp-manager/ -> https://plugins.omarchy.org/plugin.html?id=io.github.ef-code.mcp-manager (redirect page)
  + /plugins/io.github.weedwhitesandwine.plug/ -> https://plugins.omarchy.org/plugin.html?id=io.github.weedwhitesandwine.plug (redirect page)
  + /plugins/kenhara.enricherino/ -> https://plugins.omarchy.org/plugin.html?id=kenhara.enricherino (redirect page)
  + /plugins/mahmoodkhalil57.qrgen/ -> https://plugins.omarchy.org/plugin.html?id=mahmoodkhalil57.qrgen (redirect page)
  + /plugins/io.github.moizibnyousaf.omawhatsapp/ -> https://plugins.omarchy.org/plugin.html?id=io.github.moizibnyousaf.omawhatsapp (redirect page)
  + /plugins/io.github.martin-ro.youtube-shelf/ -> https://plugins.omarchy.org/plugin.html?id=io.github.martin-ro.youtube-shelf (redirect page)
  + /plugins/kenhara.rocketlauncher/ -> https://plugins.omarchy.org/plugin.html?id=kenhara.rocketlauncher (redirect page)
  + /plugins/rperaza.obsidian-notes/ -> https://plugins.omarchy.org/plugin.html?id=rperaza.obsidian-notes (redirect page)
  + /plugins/io.github.seangsr.omarchy-cleaner/ -> https://plugins.omarchy.org/plugin.html?id=io.github.seangsr.omarchy-cleaner (redirect page)
  + /plugins/elmorsy.autohide-bar/ -> https://plugins.omarchy.org/plugin.html?id=elmorsy.autohide-bar (redirect page)
  + /plugins/rocha.pasteimage/ -> https://plugins.omarchy.org/plugin.html?id=rocha.pasteimage (redirect page)
  + /plugins/omakase/ -> https://plugins.omarchy.org/plugin.html?id=omakase (redirect page)
  + /plugins/kdk.omavless/ -> https://plugins.omarchy.org/plugin.html?id=kdk.omavless (redirect page)
  + /plugins/io.github.luccast.frigate/ -> https://plugins.omarchy.org/plugin.html?id=io.github.luccast.frigate (redirect page)
  + /plugins/robinvanderknaap.statuscake/ -> https://plugins.omarchy.org/plugin.html?id=robinvanderknaap.statuscake (redirect page)
  + /plugins/io.github.andresochoas.zonitor/ -> https://plugins.omarchy.org/plugin.html?id=io.github.andresochoas.zonitor (redirect page)
  + /plugins/io.github.antoniowav.departures/ -> https://plugins.omarchy.org/plugin.html?id=io.github.antoniowav.departures (redirect page)
  + /plugins/io.github.monswiklund.recently-closed/ -> https://plugins.omarchy.org/plugin.html?id=io.github.monswiklund.recently-closed (redirect page)
  + /plugins/io.github.nag3sy.fpl-tracker/ -> https://plugins.omarchy.org/plugin.html?id=io.github.nag3sy.fpl-tracker (redirect page)
  + /plugins/io.github.joejoeflyn.omacat/ -> https://plugins.omarchy.org/plugin.html?id=io.github.joejoeflyn.omacat (redirect page)
  + /plugins/m4rone.slicetab/ -> https://plugins.omarchy.org/plugin.html?id=m4rone.slicetab (redirect page)
  + /plugins/sid.scheduled-jobs/ -> https://plugins.omarchy.org/plugin.html?id=sid.scheduled-jobs (redirect page)
  + /plugins/tobiasz-p.market-tracker/ -> https://plugins.omarchy.org/plugin.html?id=tobiasz-p.market-tracker (redirect page)
  + /plugins/asfarsadewa.omampy/ -> https://plugins.omarchy.org/plugin.html?id=asfarsadewa.omampy (redirect page)
  + /plugins/io.github.letsfg.flights/ -> https://plugins.omarchy.org/plugin.html?id=io.github.letsfg.flights (redirect page)
  + /plugins/oxhenri.search/ -> https://plugins.omarchy.org/plugin.html?id=oxhenri.search (redirect page)
  + /plugins/io.github.fabiopauli.windowcontrols/ -> https://plugins.omarchy.org/plugin.html?id=io.github.fabiopauli.windowcontrols (redirect page)
  + /plugins/univeracity.limitless-library/ -> https://plugins.omarchy.org/plugin.html?id=univeracity.limitless-library (redirect page)
  + /plugins/io.github.dlpwaters.ebook-reader/ -> https://plugins.omarchy.org/plugin.html?id=io.github.dlpwaters.ebook-reader (redirect page)
  + /plugins/kairos.day-in-history/ -> https://plugins.omarchy.org/plugin.html?id=kairos.day-in-history (redirect page)
  + /plugins/io.github.alexdont.croc-transfer/ -> https://plugins.omarchy.org/plugin.html?id=io.github.alexdont.croc-transfer (redirect page)
  + /plugins/io.github.oppenheimer-rick.oma-play/ -> https://plugins.omarchy.org/plugin.html?id=io.github.oppenheimer-rick.oma-play (redirect page)
  + /plugins/mateuszkowalczyk.obsidian-quick-switcher/ -> https://plugins.omarchy.org/plugin.html?id=mateuszkowalczyk.obsidian-quick-switcher (redirect page)
  + /plugins/shameel.workspaces/ -> https://plugins.omarchy.org/plugin.html?id=shameel.workspaces (redirect page)
  + /plugins/studiotwin.luma/ -> https://plugins.omarchy.org/plugin.html?id=studiotwin.luma (redirect page)
  + /plugins/better_salted.bar/ -> https://plugins.omarchy.org/plugin.html?id=better_salted.bar (redirect page)
  + /plugins/davedes.netspeed/ -> https://plugins.omarchy.org/plugin.html?id=davedes.netspeed (redirect page)
  + /plugins/tedwester.legion/ -> https://plugins.omarchy.org/plugin.html?id=tedwester.legion (redirect page)
  + /plugins/omarchy-pomodoro/ -> https://plugins.omarchy.org/plugin.html?id=omarchy-pomodoro (redirect page)
  + /plugins/bitr0t.omarchytweet/ -> https://plugins.omarchy.org/plugin.html?id=bitr0t.omarchytweet (redirect page)
  + /plugins/io.github.yehudagurovich.sensei/ -> https://plugins.omarchy.org/plugin.html?id=io.github.yehudagurovich.sensei (redirect page)
  + /plugins/jampick.protonvpn/ -> https://plugins.omarchy.org/plugin.html?id=jampick.protonvpn (redirect page)
  + /plugins/io.github.deadjoe.mbpfan/ -> https://plugins.omarchy.org/plugin.html?id=io.github.deadjoe.mbpfan (redirect page)
  + /plugins/jobo.lantern/ -> https://plugins.omarchy.org/plugin.html?id=jobo.lantern (redirect page)
  + /plugins/io.github.yasuhito.clawbar/ -> https://plugins.omarchy.org/plugin.html?id=io.github.yasuhito.clawbar (redirect page)
  + /plugins/newtorob.potluck/ -> https://plugins.omarchy.org/plugin.html?id=newtorob.potluck (redirect page)
  + /plugins/io.github.golgor.cloud-sql-tracker/ -> https://plugins.omarchy.org/plugin.html?id=io.github.golgor.cloud-sql-tracker (redirect page)
  + /plugins/io.github.alexdont.battery-limiter/ -> https://plugins.omarchy.org/plugin.html?id=io.github.alexdont.battery-limiter (redirect page)
  + /plugins/remco.idle-settings/ -> https://plugins.omarchy.org/plugin.html?id=remco.idle-settings (redirect page)
  + /plugins/jmad.tally/ -> https://plugins.omarchy.org/plugin.html?id=jmad.tally (redirect page)
  + /plugins/edbron.monitor-arrange/ -> https://plugins.omarchy.org/plugin.html?id=edbron.monitor-arrange (redirect page)
  + /plugins/io.github.grichard99.omaproton-vpn/ -> https://plugins.omarchy.org/plugin.html?id=io.github.grichard99.omaproton-vpn (redirect page)
  + /plugins/mryll.tickerbar/ -> https://plugins.omarchy.org/plugin.html?id=mryll.tickerbar (redirect page)
  + /plugins/mryll.meteobar/ -> https://plugins.omarchy.org/plugin.html?id=mryll.meteobar (redirect page)
  + /plugins/mryll.logibar/ -> https://plugins.omarchy.org/plugin.html?id=mryll.logibar (redirect page)
  + /plugins/mryll.codexbar/ -> https://plugins.omarchy.org/plugin.html?id=mryll.codexbar (redirect page)
  + /plugins/mryll.claudebar/ -> https://plugins.omarchy.org/plugin.html?id=mryll.claudebar (redirect page)
  + /plugins/io.github.jakewaynemurray.nextcloud-notes/ -> https://plugins.omarchy.org/plugin.html?id=io.github.jakewaynemurray.nextcloud-notes (redirect page)
  + /plugins/ayande.tokentracker/ -> https://plugins.omarchy.org/plugin.html?id=ayande.tokentracker (redirect page)
  + /plugins/io.github.endijs.pulse-for-revenuecat/ -> https://plugins.omarchy.org/plugin.html?id=io.github.endijs.pulse-for-revenuecat (redirect page)
  + /plugins/io.github.jakewaynemurray.swing-music/ -> https://plugins.omarchy.org/plugin.html?id=io.github.jakewaynemurray.swing-music (redirect page)
  + /plugins/skuthus.shell-font/ -> https://plugins.omarchy.org/plugin.html?id=skuthus.shell-font (redirect page)
  + /plugins/tim.ring-cameras/ -> https://plugins.omarchy.org/plugin.html?id=tim.ring-cameras (redirect page)
  + /plugins/io.github.qadram.reboot-pending/ -> https://plugins.omarchy.org/plugin.html?id=io.github.qadram.reboot-pending (redirect page)
  + /plugins/oxhenri.mouse/ -> https://plugins.omarchy.org/plugin.html?id=oxhenri.mouse (redirect page)
  + /plugins/io.github.alexdont.color-studio/ -> https://plugins.omarchy.org/plugin.html?id=io.github.alexdont.color-studio (redirect page)
  + /plugins/calmasacow.grok-usage/ -> https://plugins.omarchy.org/plugin.html?id=calmasacow.grok-usage (redirect page)
  + /plugins/sid.sqlite-viewer/ -> https://plugins.omarchy.org/plugin.html?id=sid.sqlite-viewer (redirect page)
  + /plugins/io.github.cryptobredda.query-menu/ -> https://plugins.omarchy.org/plugin.html?id=io.github.cryptobredda.query-menu (redirect page)
  + /plugins/io.github.a3qz.keybind-toast/ -> https://plugins.omarchy.org/plugin.html?id=io.github.a3qz.keybind-toast (redirect page)
  + /plugins/jvb.omafocus/ -> https://plugins.omarchy.org/plugin.html?id=jvb.omafocus (redirect page)
  + /plugins/jvb.omatunnel/ -> https://plugins.omarchy.org/plugin.html?id=jvb.omatunnel (redirect page)
  + /plugins/io.github.qadram.nvme-health/ -> https://plugins.omarchy.org/plugin.html?id=io.github.qadram.nvme-health (redirect page)
  + /plugins/pavelsimo.anime-schedule/ -> https://plugins.omarchy.org/plugin.html?id=pavelsimo.anime-schedule (redirect page)
  + /plugins/avila.ultra-docker/ -> https://plugins.omarchy.org/plugin.html?id=avila.ultra-docker (redirect page)
  + /plugins/abran-labs.notification-center/ -> https://plugins.omarchy.org/plugin.html?id=abran-labs.notification-center (redirect page)
  + /plugins/io.github.samy104.omarchy-spaces/ -> https://plugins.omarchy.org/plugin.html?id=io.github.samy104.omarchy-spaces (redirect page)
  + /plugins/io.github.zharinov.super-w-wait/ -> https://plugins.omarchy.org/plugin.html?id=io.github.zharinov.super-w-wait (redirect page)
  + /plugins/io.github.maxart.simple-workspaces/ -> https://plugins.omarchy.org/plugin.html?id=io.github.maxart.simple-workspaces (redirect page)
  + /plugins/rockeyxx.lock-plus/ -> https://plugins.omarchy.org/plugin.html?id=rockeyxx.lock-plus (redirect page)
  + /plugins/io.github.gabrielvincent.switcharoo/ -> https://plugins.omarchy.org/plugin.html?id=io.github.gabrielvincent.switcharoo (redirect page)
  + /plugins/io.github.blackscaletech.portalprompt/ -> https://plugins.omarchy.org/plugin.html?id=io.github.blackscaletech.portalprompt (redirect page)
  + /plugins/crueber.hermes-overlay/ -> https://plugins.omarchy.org/plugin.html?id=crueber.hermes-overlay (redirect page)
  + /plugins/soprano.quotes/ -> https://plugins.omarchy.org/plugin.html?id=soprano.quotes (redirect page)
  + /plugins/jordan.squelch/ -> https://plugins.omarchy.org/plugin.html?id=jordan.squelch (redirect page)
  + /plugins/io.github.alexdont.stereo-scope/ -> https://plugins.omarchy.org/plugin.html?id=io.github.alexdont.stereo-scope (redirect page)
  + /plugins/josh2c.protonpass/ -> https://plugins.omarchy.org/plugin.html?id=josh2c.protonpass (redirect page)
  + /plugins/io.github.xfurti.magilla-ai-usage/ -> https://plugins.omarchy.org/plugin.html?id=io.github.xfurti.magilla-ai-usage (redirect page)
  + /plugins/io.github.jeremylongshore.listening-post/ -> https://plugins.omarchy.org/plugin.html?id=io.github.jeremylongshore.listening-post (redirect page)
  + /plugins/io.github.elevate08.ynab-glance/ -> https://plugins.omarchy.org/plugin.html?id=io.github.elevate08.ynab-glance (redirect page)
  + /plugins/kelso.hermes-sessions/ -> https://plugins.omarchy.org/plugin.html?id=kelso.hermes-sessions (redirect page)
  + /plugins/mryll.printbar/ -> https://plugins.omarchy.org/plugin.html?id=mryll.printbar (redirect page)
  + /plugins/omapdf.bar/ -> https://plugins.omarchy.org/plugin.html?id=omapdf.bar (redirect page)
  + /plugins/io.github.argusguardian.freemodels/ -> https://plugins.omarchy.org/plugin.html?id=io.github.argusguardian.freemodels (redirect page)
  + /plugins/ethan.keymapp/ -> https://plugins.omarchy.org/plugin.html?id=ethan.keymapp (redirect page)
  + /plugins/io.github.brm-src.plugin-control-center/ -> https://plugins.omarchy.org/plugin.html?id=io.github.brm-src.plugin-control-center (redirect page)
  + /plugins/isaact135.network-shares/ -> https://plugins.omarchy.org/plugin.html?id=isaact135.network-shares (redirect page)
  + /plugins/io.github.matiacone.omarci/ -> https://plugins.omarchy.org/plugin.html?id=io.github.matiacone.omarci (redirect page)
  + /plugins/io.github.carasibana.veil/ -> https://plugins.omarchy.org/plugin.html?id=io.github.carasibana.veil (redirect page)
  + /plugins/io.github.jamesweatherhead.jukebox/ -> https://plugins.omarchy.org/plugin.html?id=io.github.jamesweatherhead.jukebox (redirect page)
  + /plugins/ericvrp.background-low-memory/ -> https://plugins.omarchy.org/plugin.html?id=ericvrp.background-low-memory (redirect page)
  + /plugins/yamz8.omanki/ -> https://plugins.omarchy.org/plugin.html?id=yamz8.omanki (redirect page)
  + /plugins/patrickfanella.superproductivity/ -> https://plugins.omarchy.org/plugin.html?id=patrickfanella.superproductivity (redirect page)
  + /plugins/io.github.rvcabc.logitech/ -> https://plugins.omarchy.org/plugin.html?id=io.github.rvcabc.logitech (redirect page)
  + /plugins/kairos.globe-guesser/ -> https://plugins.omarchy.org/plugin.html?id=kairos.globe-guesser (redirect page)
  + /plugins/mozzy.kaj/ -> https://plugins.omarchy.org/plugin.html?id=mozzy.kaj (redirect page)
  + /plugins/asfarsadewa.omeenotes/ -> https://plugins.omarchy.org/plugin.html?id=asfarsadewa.omeenotes (redirect page)
  + /plugins/cvatca.eyecare/ -> https://plugins.omarchy.org/plugin.html?id=cvatca.eyecare (redirect page)
  + /plugins/kairos.night-sky/ -> https://plugins.omarchy.org/plugin.html?id=kairos.night-sky (redirect page)
  + /plugins/io.github.legibet.popup-translator/ -> https://plugins.omarchy.org/plugin.html?id=io.github.legibet.popup-translator (redirect page)
  + /plugins/io.github.codefoundryza.ga4/ -> https://plugins.omarchy.org/plugin.html?id=io.github.codefoundryza.ga4 (redirect page)
  + /plugins/dumidu.orbital-lock/ -> https://plugins.omarchy.org/plugin.html?id=dumidu.orbital-lock (redirect page)
  + /plugins/io.github.bytemirror.kirinuki/ -> https://plugins.omarchy.org/plugin.html?id=io.github.bytemirror.kirinuki (redirect page)
  + /plugins/com.mirashif.omarest/ -> https://plugins.omarchy.org/plugin.html?id=com.mirashif.omarest (redirect page)
  + /plugins/io.github.paranojik.trash/ -> https://plugins.omarchy.org/plugin.html?id=io.github.paranojik.trash (redirect page)
  + /plugins/io.github.henrrrik.sl-departures/ -> https://plugins.omarchy.org/plugin.html?id=io.github.henrrrik.sl-departures (redirect page)
  + /plugins/hardie.omarchy-cast/ -> https://plugins.omarchy.org/plugin.html?id=hardie.omarchy-cast (redirect page)
  + /plugins/singbox.omarchy/ -> https://plugins.omarchy.org/plugin.html?id=singbox.omarchy (redirect page)
  + /plugins/henri.desktop-icons/ -> https://plugins.omarchy.org/plugin.html?id=henri.desktop-icons (redirect page)
  + /plugins/bitr0t.spotify-menu-chip/ -> https://plugins.omarchy.org/plugin.html?id=bitr0t.spotify-menu-chip (redirect page)
  + /plugins/io.github.comapilot/ -> https://plugins.omarchy.org/plugin.html?id=io.github.comapilot (redirect page)
  + /plugins/bitr0t.system-monitor/ -> https://plugins.omarchy.org/plugin.html?id=bitr0t.system-monitor (redirect page)
  + /plugins/io.github.webmatze.omarchy-minecraft-server-status/ -> https://plugins.omarchy.org/plugin.html?id=io.github.webmatze.omarchy-minecraft-server-status (redirect page)
  + /plugins/apollo.agent-cockpit/ -> https://plugins.omarchy.org/plugin.html?id=apollo.agent-cockpit (redirect page)
  + /plugins/harbefas.system-stats/ -> https://plugins.omarchy.org/plugin.html?id=harbefas.system-stats (redirect page)
  + /plugins/cossssmin.xkcd/ -> https://plugins.omarchy.org/plugin.html?id=cossssmin.xkcd (redirect page)
  + /plugins/eduard.workspaces/ -> https://plugins.omarchy.org/plugin.html?id=eduard.workspaces (redirect page)
  + /plugins/kb.system-pulse/ -> https://plugins.omarchy.org/plugin.html?id=kb.system-pulse (redirect page)
  + /plugins/dev.android-mirroring/ -> https://plugins.omarchy.org/plugin.html?id=dev.android-mirroring (redirect page)
  + /plugins/tony.ddev-projects/ -> https://plugins.omarchy.org/plugin.html?id=tony.ddev-projects (redirect page)
  + /plugins/icons/ -> https://plugins.omarchy.org/plugin.html?id=icons (redirect page)
  + /plugins/lgw.airgradient/ -> https://plugins.omarchy.org/plugin.html?id=lgw.airgradient (redirect page)
  + /plugins/ikekavas.ikea/ -> https://plugins.omarchy.org/plugin.html?id=ikekavas.ikea (redirect page)
  + /plugins/omalive/ -> https://plugins.omarchy.org/plugin.html?id=omalive (redirect page)
  + /plugins/djsmanchanda.blue-star-ac/ -> https://plugins.omarchy.org/plugin.html?id=djsmanchanda.blue-star-ac (redirect page)
  + /plugins/io.github.brm-src.omadrives/ -> https://plugins.omarchy.org/plugin.html?id=io.github.brm-src.omadrives (redirect page)
  + /plugins/anishkn.mstodo/ -> https://plugins.omarchy.org/plugin.html?id=anishkn.mstodo (redirect page)
  + /plugins/io.github.nico-kovacs.netbird/ -> https://plugins.omarchy.org/plugin.html?id=io.github.nico-kovacs.netbird (redirect page)
  + /plugins/io.github.robin0315.omanetease/ -> https://plugins.omarchy.org/plugin.html?id=io.github.robin0315.omanetease (redirect page)
  + /plugins/orsa.remote-cliamp/ -> https://plugins.omarchy.org/plugin.html?id=orsa.remote-cliamp (redirect page)
  + /plugins/ambient-agent/ -> https://plugins.omarchy.org/plugin.html?id=ambient-agent (redirect page)
  + /plugins/rhystic1.automations/ -> https://plugins.omarchy.org/plugin.html?id=rhystic1.automations (redirect page)
  + /plugins/cossssmin.domaincheck/ -> https://plugins.omarchy.org/plugin.html?id=cossssmin.domaincheck (redirect page)
  + /plugins/henri.timed-shutdown/ -> https://plugins.omarchy.org/plugin.html?id=henri.timed-shutdown (redirect page)
  + /plugins/saidness.dogbark/ -> https://plugins.omarchy.org/plugin.html?id=saidness.dogbark (redirect page)
  + /plugins/io.github.andreivinca.note-note/ -> https://plugins.omarchy.org/plugin.html?id=io.github.andreivinca.note-note (redirect page)
  + /plugins/com.mdtrr.omadesk/ -> https://plugins.omarchy.org/plugin.html?id=com.mdtrr.omadesk (redirect page)
  + /plugins/io.github.victorrangel10.crypto-watch/ -> https://plugins.omarchy.org/plugin.html?id=io.github.victorrangel10.crypto-watch (redirect page)
  + /plugins/io.github.selenophilezh.aqi/ -> https://plugins.omarchy.org/plugin.html?id=io.github.selenophilezh.aqi (redirect page)
  + /plugins/io.github.anthonyposchen.f1-schedule/ -> https://plugins.omarchy.org/plugin.html?id=io.github.anthonyposchen.f1-schedule (redirect page)
  + /plugins/pym.volta/ -> https://plugins.omarchy.org/plugin.html?id=pym.volta (redirect page)
  + /plugins/io.github.patrickfanella.shelfish/ -> https://plugins.omarchy.org/plugin.html?id=io.github.patrickfanella.shelfish (redirect page)
  + /plugins/jnodavid.omarkey/ -> https://plugins.omarchy.org/plugin.html?id=jnodavid.omarkey (redirect page)
  + /plugins/io.github.oqullcan.albus.dev/ -> https://plugins.omarchy.org/plugin.html?id=io.github.oqullcan.albus.dev (redirect page)
  + /plugins/io.github.dsumpter.windscribe/ -> https://plugins.omarchy.org/plugin.html?id=io.github.dsumpter.windscribe (redirect page)
  + /plugins/zds.blackwall/ -> https://plugins.omarchy.org/plugin.html?id=zds.blackwall (redirect page)
  + /plugins/chupre.firefox-passwords/ -> https://plugins.omarchy.org/plugin.html?id=chupre.firefox-passwords (redirect page)
  + /plugins/jmckible.swatch/ -> https://plugins.omarchy.org/plugin.html?id=jmckible.swatch (redirect page)
  + /plugins/taufderl.ipinfo/ -> https://plugins.omarchy.org/plugin.html?id=taufderl.ipinfo (redirect page)
  + /plugins/io.github.gabrielharfield.protondrive-backup/ -> https://plugins.omarchy.org/plugin.html?id=io.github.gabrielharfield.protondrive-backup (redirect page)
  + /plugins/ryuhzk.ime/ -> https://plugins.omarchy.org/plugin.html?id=ryuhzk.ime (redirect page)
  + /plugins/daan.screenwash/ -> https://plugins.omarchy.org/plugin.html?id=daan.screenwash (redirect page)
  + /plugins/io.github.minokai69.laptop-gpu-modes/ -> https://plugins.omarchy.org/plugin.html?id=io.github.minokai69.laptop-gpu-modes (redirect page)
  + /plugins/io.github.matt-aaz.quick-capture/ -> https://plugins.omarchy.org/plugin.html?id=io.github.matt-aaz.quick-capture (redirect page)
  + /plugins/io.github.rookepoole.focus-forge/ -> https://plugins.omarchy.org/plugin.html?id=io.github.rookepoole.focus-forge (redirect page)
  + /plugins/io.github.rookepoole.moon-arc/ -> https://plugins.omarchy.org/plugin.html?id=io.github.rookepoole.moon-arc (redirect page)
  + /plugins/io.github.rookepoole.system-pulse/ -> https://plugins.omarchy.org/plugin.html?id=io.github.rookepoole.system-pulse (redirect page)
  + /plugins/io.github.rookepoole.zen-breather/ -> https://plugins.omarchy.org/plugin.html?id=io.github.rookepoole.zen-breather (redirect page)
  + /plugins/io.github.rookepoole.palette-prism/ -> https://plugins.omarchy.org/plugin.html?id=io.github.rookepoole.palette-prism (redirect page)
  + /plugins/yuler.omaports/ -> https://plugins.omarchy.org/plugin.html?id=yuler.omaports (redirect page)
  + /plugins/io.github.jonhenshaw.voxtype-prism/ -> https://plugins.omarchy.org/plugin.html?id=io.github.jonhenshaw.voxtype-prism (redirect page)
  + /plugins/huacnlee.which-key/ -> https://plugins.omarchy.org/plugin.html?id=huacnlee.which-key (redirect page)
  + /plugins/remco.bar-toggle/ -> https://plugins.omarchy.org/plugin.html?id=remco.bar-toggle (redirect page)
  + /plugins/sridhar.layout-presets/ -> https://plugins.omarchy.org/plugin.html?id=sridhar.layout-presets (redirect page)
  + /plugins/io.github.phenasdev.kinesis360/ -> https://plugins.omarchy.org/plugin.html?id=io.github.phenasdev.kinesis360 (redirect page)
  + /plugins/bert.dropdeck/ -> https://plugins.omarchy.org/plugin.html?id=bert.dropdeck (redirect page)
  + /plugins/narbs.betterstack/ -> https://plugins.omarchy.org/plugin.html?id=narbs.betterstack (redirect page)
  + /plugins/io.github.rookepoole.omarchy-codex/ -> https://plugins.omarchy.org/plugin.html?id=io.github.rookepoole.omarchy-codex (redirect page)
  + /plugins/hl.ai_avatar/ -> https://plugins.omarchy.org/plugin.html?id=hl.ai_avatar (redirect page)
  + /plugins/io.github.rookepoole.decision-deck/ -> https://plugins.omarchy.org/plugin.html?id=io.github.rookepoole.decision-deck (redirect page)
  + /plugins/nocram.f1/ -> https://plugins.omarchy.org/plugin.html?id=nocram.f1 (redirect page)
  + /plugins/io.github.hvo.omarchy-unraid/ -> https://plugins.omarchy.org/plugin.html?id=io.github.hvo.omarchy-unraid (redirect page)
  + /plugins/zzwong.stage/ -> https://plugins.omarchy.org/plugin.html?id=zzwong.stage (redirect page)
  + /plugins/charlieras262.floating-bar/ -> https://plugins.omarchy.org/plugin.html?id=charlieras262.floating-bar (redirect page)
  + /plugins/sid.sessions/ -> https://plugins.omarchy.org/plugin.html?id=sid.sessions (redirect page)
  + /plugins/io.github.seyhunakyurek.omteleprompt/ -> https://plugins.omarchy.org/plugin.html?id=io.github.seyhunakyurek.omteleprompt (redirect page)
  + /plugins/io.github.alexinslc.calendar-agenda/ -> https://plugins.omarchy.org/plugin.html?id=io.github.alexinslc.calendar-agenda (redirect page)
  + /plugins/io.github.caffeinatedtech.qs-plugin-deepseek-pricing/ -> https://plugins.omarchy.org/plugin.html?id=io.github.caffeinatedtech.qs-plugin-deepseek-pricing (redirect page)
  + /plugins/io.github.gardensazurescens.astroterm/ -> https://plugins.omarchy.org/plugin.html?id=io.github.gardensazurescens.astroterm (redirect page)
  + /plugins/io.github.rookepoole.market-pulse/ -> https://plugins.omarchy.org/plugin.html?id=io.github.rookepoole.market-pulse (redirect page)
  + /plugins/io.github.sahzudin.omarchy-screenshot-manager/ -> https://plugins.omarchy.org/plugin.html?id=io.github.sahzudin.omarchy-screenshot-manager (redirect page)
  + /plugins/sid.wiki-wait/ -> https://plugins.omarchy.org/plugin.html?id=sid.wiki-wait (redirect page)
  + /plugins/asfarsadewa.omen/ -> https://plugins.omarchy.org/plugin.html?id=asfarsadewa.omen (redirect page)
  + /plugins/io.github.debpalash.bootable/ -> https://plugins.omarchy.org/plugin.html?id=io.github.debpalash.bootable (redirect page)
  + /plugins/zen.omabond/ -> https://plugins.omarchy.org/plugin.html?id=zen.omabond (redirect page)
  + /plugins/io.github.shllg.walkingpad/ -> https://plugins.omarchy.org/plugin.html?id=io.github.shllg.walkingpad (redirect page)
  + /plugins/justnak.charge-cap/ -> https://plugins.omarchy.org/plugin.html?id=justnak.charge-cap (redirect page)
  + /plugins/novuon.tableau/ -> https://plugins.omarchy.org/plugin.html?id=novuon.tableau (redirect page)
  + /plugins/io.github.majkelll.omarchy-keymaps/ -> https://plugins.omarchy.org/plugin.html?id=io.github.majkelll.omarchy-keymaps (redirect page)
  + /plugins/oliwier.opencode-configs/ -> https://plugins.omarchy.org/plugin.html?id=oliwier.opencode-configs (redirect page)
  + /plugins/iamkxyz.todo/ -> https://plugins.omarchy.org/plugin.html?id=iamkxyz.todo (redirect page)
  + /plugins/m1kode.obsidian-tasks/ -> https://plugins.omarchy.org/plugin.html?id=m1kode.obsidian-tasks (redirect page)
  + /plugins/io.github.da5ater.theme-drift/ -> https://plugins.omarchy.org/plugin.html?id=io.github.da5ater.theme-drift (redirect page)
  + /plugins/oameye.eduvpn/ -> https://plugins.omarchy.org/plugin.html?id=oameye.eduvpn (redirect page)
  + /plugins/dev.dosa.perf-hub/ -> https://plugins.omarchy.org/plugin.html?id=dev.dosa.perf-hub (redirect page)
  + /plugins/andrewf.battery-protection/ -> https://plugins.omarchy.org/plugin.html?id=andrewf.battery-protection (redirect page)
  + /plugins/nate.framework.fan-control/ -> https://plugins.omarchy.org/plugin.html?id=nate.framework.fan-control (redirect page)
  + /plugins/techywilbur.workload/ -> https://plugins.omarchy.org/plugin.html?id=techywilbur.workload (redirect page)
  + /plugins/io.github.ef-code.webapp-manager/ -> https://plugins.omarchy.org/plugin.html?id=io.github.ef-code.webapp-manager (redirect page)
  + /plugins/bvisagie.you-got-mail/ -> https://plugins.omarchy.org/plugin.html?id=bvisagie.you-got-mail (redirect page)
  + /plugins/devinblack001.sysinfo/ -> https://plugins.omarchy.org/plugin.html?id=devinblack001.sysinfo (redirect page)
  + /plugins/blakestarling.workspace-presets/ -> https://plugins.omarchy.org/plugin.html?id=blakestarling.workspace-presets (redirect page)
  + /plugins/omasys.task-manager/ -> https://plugins.omarchy.org/plugin.html?id=omasys.task-manager (redirect page)
  + /plugins/nawaf.perla/ -> https://plugins.omarchy.org/plugin.html?id=nawaf.perla (redirect page)
  + /plugins/io.github.rezwoan.performance/ -> https://plugins.omarchy.org/plugin.html?id=io.github.rezwoan.performance (redirect page)
  + /plugins/patcastle.power/ -> https://plugins.omarchy.org/plugin.html?id=patcastle.power (redirect page)
  + /plugins/glasschan.oma-swiss/ -> https://plugins.omarchy.org/plugin.html?id=glasschan.oma-swiss (redirect page)
  + /plugins/io.github.davydotcom.control4/ -> https://plugins.omarchy.org/plugin.html?id=io.github.davydotcom.control4 (redirect page)
  + /plugins/fel.vidi/ -> https://plugins.omarchy.org/plugin.html?id=fel.vidi (redirect page)
  + /plugins/io.github.arcanavox.colorhistory/ -> https://plugins.omarchy.org/plugin.html?id=io.github.arcanavox.colorhistory (redirect page)
  + /plugins/io.github.azcoov.unified-desks/ -> https://plugins.omarchy.org/plugin.html?id=io.github.azcoov.unified-desks (redirect page)
  + /plugins/920four.devlinkspad/ -> https://plugins.omarchy.org/plugin.html?id=920four.devlinkspad (redirect page)
  + /plugins/aronnax.anki-status/ -> https://plugins.omarchy.org/plugin.html?id=aronnax.anki-status (redirect page)
  + /plugins/ronnie.expose/ -> https://plugins.omarchy.org/plugin.html?id=ronnie.expose (redirect page)
  + /plugins/bagareal.keybindings/ -> https://plugins.omarchy.org/plugin.html?id=bagareal.keybindings (redirect page)
  + /plugins/taufderl.octoprint/ -> https://plugins.omarchy.org/plugin.html?id=taufderl.octoprint (redirect page)
  + /plugins/miguel.cyberghost/ -> https://plugins.omarchy.org/plugin.html?id=miguel.cyberghost (redirect page)
  + /plugins/io.github.daniel-felipe.omashelf/ -> https://plugins.omarchy.org/plugin.html?id=io.github.daniel-felipe.omashelf (redirect page)
  + /plugins/io.github.devasstated.workspace-stash/ -> https://plugins.omarchy.org/plugin.html?id=io.github.devasstated.workspace-stash (redirect page)
  + /plugins/xak47d.todoist/ -> https://plugins.omarchy.org/plugin.html?id=xak47d.todoist (redirect page)
  + /plugins/io.github.anelcelik.omavault/ -> https://plugins.omarchy.org/plugin.html?id=io.github.anelcelik.omavault (redirect page)
  + /plugins/io.github.unitvectory-labs.llama-swap/ -> https://plugins.omarchy.org/plugin.html?id=io.github.unitvectory-labs.llama-swap (redirect page)
  + /plugins/io.github.weedwhitesandwine.gaffer/ -> https://plugins.omarchy.org/plugin.html?id=io.github.weedwhitesandwine.gaffer (redirect page)
  + /plugins/io.github.doctor.omafish/ -> https://plugins.omarchy.org/plugin.html?id=io.github.doctor.omafish (redirect page)
  + /plugins/io.github.doctor.omaladders/ -> https://plugins.omarchy.org/plugin.html?id=io.github.doctor.omaladders (redirect page)
  + /plugins/io.github.0x1ocean.keyglow/ -> https://plugins.omarchy.org/plugin.html?id=io.github.0x1ocean.keyglow (redirect page)
  + /plugins/mokkabonna.plugin-settings/ -> https://plugins.omarchy.org/plugin.html?id=mokkabonna.plugin-settings (redirect page)
  + /plugins/io.github.bruno-g-soares.omarchy-keyboard-rgb/ -> https://plugins.omarchy.org/plugin.html?id=io.github.bruno-g-soares.omarchy-keyboard-rgb (redirect page)
  + /plugins/yamz8.npichy/ -> https://plugins.omarchy.org/plugin.html?id=yamz8.npichy (redirect page)
  + /plugins/yamz8.coveragechy/ -> https://plugins.omarchy.org/plugin.html?id=yamz8.coveragechy (redirect page)
  + /plugins/io.github.chip-davis.omabongo/ -> https://plugins.omarchy.org/plugin.html?id=io.github.chip-davis.omabongo (redirect page)
  + /plugins/yamz8.icd10chy/ -> https://plugins.omarchy.org/plugin.html?id=yamz8.icd10chy (redirect page)
  + /plugins/skuthus.hidden-om-bar/ -> https://plugins.omarchy.org/plugin.html?id=skuthus.hidden-om-bar (redirect page)
  + /plugins/remi.juicebar/ -> https://plugins.omarchy.org/plugin.html?id=remi.juicebar (redirect page)
  + /plugins/whitewebdev.better-notifications/ -> https://plugins.omarchy.org/plugin.html?id=whitewebdev.better-notifications (redirect page)
  + /plugins/io.github.marioxabel.hyprsunset/ -> https://plugins.omarchy.org/plugin.html?id=io.github.marioxabel.hyprsunset (redirect page)
  + /plugins/propsuite.dell-input/ -> https://plugins.omarchy.org/plugin.html?id=propsuite.dell-input (redirect page)
  + /plugins/io.github.matheusmedrado.omadock/ -> https://plugins.omarchy.org/plugin.html?id=io.github.matheusmedrado.omadock (redirect page)
  + /plugins/whitewebdev.flat-tray/ -> https://plugins.omarchy.org/plugin.html?id=whitewebdev.flat-tray (redirect page)
  + /plugins/dorneles.detrack/ -> https://plugins.omarchy.org/plugin.html?id=dorneles.detrack (redirect page)
  + /plugins/io.github.dupontbertrand.omastatus/ -> https://plugins.omarchy.org/plugin.html?id=io.github.dupontbertrand.omastatus (redirect page)
  + /plugins/io.github.sahzudin.omarchy-snapshot-manager/ -> https://plugins.omarchy.org/plugin.html?id=io.github.sahzudin.omarchy-snapshot-manager (redirect page)
  + /plugins/davedes.workspace-restorer/ -> https://plugins.omarchy.org/plugin.html?id=davedes.workspace-restorer (redirect page)
  + /plugins/io.github.jeremylanger.nightlight/ -> https://plugins.omarchy.org/plugin.html?id=io.github.jeremylanger.nightlight (redirect page)
  + /plugins/io.github.sahzudin.hotcorners/ -> https://plugins.omarchy.org/plugin.html?id=io.github.sahzudin.hotcorners (redirect page)
  + /plugins/io.github.kring-ventures.ups/ -> https://plugins.omarchy.org/plugin.html?id=io.github.kring-ventures.ups (redirect page)
  + /plugins/pedrosilvaalves.monitor-handoff/ -> https://plugins.omarchy.org/plugin.html?id=pedrosilvaalves.monitor-handoff (redirect page)
  + /plugins/oliwier.network-usage/ -> https://plugins.omarchy.org/plugin.html?id=oliwier.network-usage (redirect page)
  + /plugins/x.composer/ -> https://plugins.omarchy.org/plugin.html?id=x.composer (redirect page)
  + /plugins/io.github.doctor.omarace/ -> https://plugins.omarchy.org/plugin.html?id=io.github.doctor.omarace (redirect page)
  + /plugins/io.github.jeremylongshore.desk-transition/ -> https://plugins.omarchy.org/plugin.html?id=io.github.jeremylongshore.desk-transition (redirect page)
  + /plugins/doctor.omadoku/ -> https://plugins.omarchy.org/plugin.html?id=doctor.omadoku (redirect page)
  + /plugins/io.github.jcarcinogen.omavalet/ -> https://plugins.omarchy.org/plugin.html?id=io.github.jcarcinogen.omavalet (redirect page)
  + /plugins/xyz.degendev.flipper/ -> https://plugins.omarchy.org/plugin.html?id=xyz.degendev.flipper (redirect page)
  + /plugins/tantuyu.logitech-g-mouse/ -> https://plugins.omarchy.org/plugin.html?id=tantuyu.logitech-g-mouse (redirect page)
  + /plugins/charlieras262.pill-workspaces/ -> https://plugins.omarchy.org/plugin.html?id=charlieras262.pill-workspaces (redirect page)
  + /plugins/desmedo.ioc-lookup/ -> https://plugins.omarchy.org/plugin.html?id=desmedo.ioc-lookup (redirect page)
  + /plugins/halmylyseas.ristretto/ -> https://plugins.omarchy.org/plugin.html?id=halmylyseas.ristretto (redirect page)
  + /plugins/yamz8.touchsynth/ -> https://plugins.omarchy.org/plugin.html?id=yamz8.touchsynth (redirect page)
  + /plugins/yamz8.snake/ -> https://plugins.omarchy.org/plugin.html?id=yamz8.snake (redirect page)
  + /plugins/context-switcher/ -> https://plugins.omarchy.org/plugin.html?id=context-switcher (redirect page)
  + /plugins/io.github.artur-hash.smartac/ -> https://plugins.omarchy.org/plugin.html?id=io.github.artur-hash.smartac (redirect page)
  + /plugins/nixfred.internet-latency/ -> https://plugins.omarchy.org/plugin.html?id=nixfred.internet-latency (redirect page)
  + /plugins/omarchy-stats/ -> https://plugins.omarchy.org/plugin.html?id=omarchy-stats (redirect page)
  + /plugins/nate.howdy-lock/ -> https://plugins.omarchy.org/plugin.html?id=nate.howdy-lock (redirect page)
  + /plugins/io.github.nousd.voxbox/ -> https://plugins.omarchy.org/plugin.html?id=io.github.nousd.voxbox (redirect page)
  + /plugins/io.github.xgborgeso.peripheral-batteries/ -> https://plugins.omarchy.org/plugin.html?id=io.github.xgborgeso.peripheral-batteries (redirect page)
  + /plugins/io.github.rockeyxx.minimalist-athan-notifier/ -> https://plugins.omarchy.org/plugin.html?id=io.github.rockeyxx.minimalist-athan-notifier (redirect page)
  + /plugins/yamz8.pubmedchy/ -> https://plugins.omarchy.org/plugin.html?id=yamz8.pubmedchy (redirect page)
  + /plugins/yamz8.clinical-trialchy/ -> https://plugins.omarchy.org/plugin.html?id=yamz8.clinical-trialchy (redirect page)
  + /plugins/ianm.scratchpad/ -> https://plugins.omarchy.org/plugin.html?id=ianm.scratchpad (redirect page)
  + /plugins/io.github.omashuffle/ -> https://plugins.omarchy.org/plugin.html?id=io.github.omashuffle (redirect page)
  + /plugins/jkwuc89.windows-vm/ -> https://plugins.omarchy.org/plugin.html?id=jkwuc89.windows-vm (redirect page)
  + /plugins/spaceera.iss-tracker/ -> https://plugins.omarchy.org/plugin.html?id=spaceera.iss-tracker (redirect page)
  + /plugins/izeesoft.omarchy-phone/ -> https://plugins.omarchy.org/plugin.html?id=izeesoft.omarchy-phone (redirect page)
  + /plugins/douglasdemoura.chroncal-bar/ -> https://plugins.omarchy.org/plugin.html?id=douglasdemoura.chroncal-bar (redirect page)
  + /plugins/reinier.homing/ -> https://plugins.omarchy.org/plugin.html?id=reinier.homing (redirect page)
  + /plugins/tbye.sonos/ -> https://plugins.omarchy.org/plugin.html?id=tbye.sonos (redirect page)
  + /plugins/sinannar.omarchy.plugin.aspire/ -> https://plugins.omarchy.org/plugin.html?id=sinannar.omarchy.plugin.aspire (redirect page)
  + /plugins/io.github.cgaray.omamotion/ -> https://plugins.omarchy.org/plugin.html?id=io.github.cgaray.omamotion (redirect page)
  + /plugins/omakdeconnect/ -> https://plugins.omarchy.org/plugin.html?id=omakdeconnect (redirect page)
  + /plugins/io.github.lajosdeme.protonvpn-wireguard/ -> https://plugins.omarchy.org/plugin.html?id=io.github.lajosdeme.protonvpn-wireguard (redirect page)
  + /plugins/crueber.omacoin/ -> https://plugins.omarchy.org/plugin.html?id=crueber.omacoin (redirect page)
  + /plugins/io.github.okurmustafa.voxtype-history/ -> https://plugins.omarchy.org/plugin.html?id=io.github.okurmustafa.voxtype-history (redirect page)
  + /plugins/io.github.ttiimmaahh.omarivian/ -> https://plugins.omarchy.org/plugin.html?id=io.github.ttiimmaahh.omarivian (redirect page)
  + /plugins/io.github.pkayokay.omapaste/ -> https://plugins.omarchy.org/plugin.html?id=io.github.pkayokay.omapaste (redirect page)
  + /plugins/io.github.tyrichards.tray/ -> https://plugins.omarchy.org/plugin.html?id=io.github.tyrichards.tray (redirect page)
  + /plugins/riclib.luvus/ -> https://plugins.omarchy.org/plugin.html?id=riclib.luvus (redirect page)
  + /plugins/io.github.megabyte0x.nym-vpn/ -> https://plugins.omarchy.org/plugin.html?id=io.github.megabyte0x.nym-vpn (redirect page)
  + /plugins/yamz8.gitcrawlchy/ -> https://plugins.omarchy.org/plugin.html?id=yamz8.gitcrawlchy (redirect page)
  + /plugins/harbefas.keybinds/ -> https://plugins.omarchy.org/plugin.html?id=harbefas.keybinds (redirect page)
  + /plugins/charlieras262.omablur/ -> https://plugins.omarchy.org/plugin.html?id=charlieras262.omablur (redirect page)
  + /plugins/cbayschm.openclash/ -> https://plugins.omarchy.org/plugin.html?id=cbayschm.openclash (redirect page)
  + /plugins/openzoo/ -> https://plugins.omarchy.org/plugin.html?id=openzoo (redirect page)
  + /plugins/dorneles.marquee/ -> https://plugins.omarchy.org/plugin.html?id=dorneles.marquee (redirect page)
  + /plugins/io.github.markschellhas.circle-of-fifths/ -> https://plugins.omarchy.org/plugin.html?id=io.github.markschellhas.circle-of-fifths (redirect page)
  + /plugins/io.github.lxp-git.stay-awake-indicators/ -> https://plugins.omarchy.org/plugin.html?id=io.github.lxp-git.stay-awake-indicators (redirect page)
  + /plugins/gshulga.side-panel/ -> https://plugins.omarchy.org/plugin.html?id=gshulga.side-panel (redirect page)
  + /plugins/io.github.jondkinney.omasnip/ -> https://plugins.omarchy.org/plugin.html?id=io.github.jondkinney.omasnip (redirect page)
  + /plugins/halmylyseas.github-status/ -> https://plugins.omarchy.org/plugin.html?id=halmylyseas.github-status (redirect page)
  + /plugins/io.github.avillagran.omarchy-x-panel/ -> https://plugins.omarchy.org/plugin.html?id=io.github.avillagran.omarchy-x-panel (redirect page)
  + /plugins/techywilbur.pomodoro/ -> https://plugins.omarchy.org/plugin.html?id=techywilbur.pomodoro (redirect page)
  + /plugins/io.github.brm-src.omarchy-youtube-player/ -> https://plugins.omarchy.org/plugin.html?id=io.github.brm-src.omarchy-youtube-player (redirect page)
  + /plugins/io.github.maxmad75.keycap/ -> https://plugins.omarchy.org/plugin.html?id=io.github.maxmad75.keycap (redirect page)
  + /plugins/io.github.edwardcaf.sky-map/ -> https://plugins.omarchy.org/plugin.html?id=io.github.edwardcaf.sky-map (redirect page)
  + /plugins/io.github.thedarkcr0w.trofeo/ -> https://plugins.omarchy.org/plugin.html?id=io.github.thedarkcr0w.trofeo (redirect page)
  + /plugins/custom.media/ -> https://plugins.omarchy.org/plugin.html?id=custom.media (redirect page)
  + /plugins/urveesh.job-tracker/ -> https://plugins.omarchy.org/plugin.html?id=urveesh.job-tracker (redirect page)
  + /plugins/io.github.liambateman.countdown/ -> https://plugins.omarchy.org/plugin.html?id=io.github.liambateman.countdown (redirect page)
  + /plugins/org.ren.caldir/ -> https://plugins.omarchy.org/plugin.html?id=org.ren.caldir (redirect page)
  + /plugins/community.shoxjaxon.snippets/ -> https://plugins.omarchy.org/plugin.html?id=community.shoxjaxon.snippets (redirect page)
  + /plugins/jp.hijri/ -> https://plugins.omarchy.org/plugin.html?id=jp.hijri (redirect page)
  + /plugins/food.hey.tui/ -> https://plugins.omarchy.org/plugin.html?id=food.hey.tui (redirect page)
  + /plugins/io.github.aditya-raj-tiwari.omarchycast/ -> https://plugins.omarchy.org/plugin.html?id=io.github.aditya-raj-tiwari.omarchycast (redirect page)
  + /plugins/com.stateset.icommerce/ -> https://plugins.omarchy.org/plugin.html?id=com.stateset.icommerce (redirect page)
  + /plugins/io.github.olivoil.omarchy-keyboard-switcher/ -> https://plugins.omarchy.org/plugin.html?id=io.github.olivoil.omarchy-keyboard-switcher (redirect page)
  + /plugins/leonrlr4.rdt/ -> https://plugins.omarchy.org/plugin.html?id=leonrlr4.rdt (redirect page)
  + /plugins/themo.mail-inbox/ -> https://plugins.omarchy.org/plugin.html?id=themo.mail-inbox (redirect page)
  + /plugins/sinannar.omarchy.plugin.msftdevblogs/ -> https://plugins.omarchy.org/plugin.html?id=sinannar.omarchy.plugin.msftdevblogs (redirect page)
  + /plugins/io.github.zuccs.parcel/ -> https://plugins.omarchy.org/plugin.html?id=io.github.zuccs.parcel (redirect page)
  + /plugins/io.github.kallupx.oma-mullvad/ -> https://plugins.omarchy.org/plugin.html?id=io.github.kallupx.oma-mullvad (redirect page)
  + /plugins/apurva.notifications/ -> https://plugins.omarchy.org/plugin.html?id=apurva.notifications (redirect page)
  + /plugins/io.github.nag3sy.dockhand-control/ -> https://plugins.omarchy.org/plugin.html?id=io.github.nag3sy.dockhand-control (redirect page)
  + /plugins/io.github.honeyspoons.localsend/ -> https://plugins.omarchy.org/plugin.html?id=io.github.honeyspoons.localsend (redirect page)
  + /plugins/io.github.cbayschm74.deepl-clipboard/ -> https://plugins.omarchy.org/plugin.html?id=io.github.cbayschm74.deepl-clipboard (redirect page)
  + /plugins/io.github.henksys.ask/ -> https://plugins.omarchy.org/plugin.html?id=io.github.henksys.ask (redirect page)
  + /plugins/io.github.joshuaswarren.fleet-shepherd/ -> https://plugins.omarchy.org/plugin.html?id=io.github.joshuaswarren.fleet-shepherd (redirect page)
  + /plugins/io.github.nicoolai.eve-monitor/ -> https://plugins.omarchy.org/plugin.html?id=io.github.nicoolai.eve-monitor (redirect page)
  + /plugins/bogdart.dock/ -> https://plugins.omarchy.org/plugin.html?id=bogdart.dock (redirect page)
  + /plugins/eduard.kamal-deploy/ -> https://plugins.omarchy.org/plugin.html?id=eduard.kamal-deploy (redirect page)
  + /plugins/co.klair.hop/ -> https://plugins.omarchy.org/plugin.html?id=co.klair.hop (redirect page)
  + /plugins/io.github.guiestrela.omarchy-google-calendar-clock/ -> https://plugins.omarchy.org/plugin.html?id=io.github.guiestrela.omarchy-google-calendar-clock (redirect page)
  + /plugins/io.github.taisau.espanso/ -> https://plugins.omarchy.org/plugin.html?id=io.github.taisau.espanso (redirect page)
  + /plugins/floating-waybar/ -> https://plugins.omarchy.org/plugin.html?id=floating-waybar (redirect page)
  + /plugins/io.github.jonathanriche.omarchy-blink/ -> https://plugins.omarchy.org/plugin.html?id=io.github.jonathanriche.omarchy-blink (redirect page)
  + /plugins/io.github.sspaeti.neomd/ -> https://plugins.omarchy.org/plugin.html?id=io.github.sspaeti.neomd (redirect page)
  + /plugins/takitani.sysmetrics/ -> https://plugins.omarchy.org/plugin.html?id=takitani.sysmetrics (redirect page)
  + /plugins/io.github.xadacka.window-switcher/ -> https://plugins.omarchy.org/plugin.html?id=io.github.xadacka.window-switcher (redirect page)
  + /plugins/ronnie.worldradio/ -> https://plugins.omarchy.org/plugin.html?id=ronnie.worldradio (redirect page)
  + /plugins/ianswope.plex/ -> https://plugins.omarchy.org/plugin.html?id=ianswope.plex (redirect page)
  + /plugins/com.bryon.omarchy-menu-prefixes/ -> https://plugins.omarchy.org/plugin.html?id=com.bryon.omarchy-menu-prefixes (redirect page)
  + /plugins/io.github.haripako.teams/ -> https://plugins.omarchy.org/plugin.html?id=io.github.haripako.teams (redirect page)
  + /plugins/crbelaus.twingate/ -> https://plugins.omarchy.org/plugin.html?id=crbelaus.twingate (redirect page)
  + /plugins/j13y.browser-selector/ -> https://plugins.omarchy.org/plugin.html?id=j13y.browser-selector (redirect page)
  + /plugins/io.github.ricky.screentime/ -> https://plugins.omarchy.org/plugin.html?id=io.github.ricky.screentime (redirect page)
  + /plugins/ranjithraj.news-reader/ -> https://plugins.omarchy.org/plugin.html?id=ranjithraj.news-reader (redirect page)
  + /plugins/io.github.szentesg.clamav-monitor/ -> https://plugins.omarchy.org/plugin.html?id=io.github.szentesg.clamav-monitor (redirect page)
  + /plugins/io.github.sanjuanjor.typist/ -> https://plugins.omarchy.org/plugin.html?id=io.github.sanjuanjor.typist (redirect page)
  + /plugins/io.github.omargond.omacorners/ -> https://plugins.omarchy.org/plugin.html?id=io.github.omargond.omacorners (redirect page)
  + /plugins/io.github.mrlarsendk.cursor-usage/ -> https://plugins.omarchy.org/plugin.html?id=io.github.mrlarsendk.cursor-usage (redirect page)
  + /plugins/ericvrp.one-app-per-workspace/ -> https://plugins.omarchy.org/plugin.html?id=ericvrp.one-app-per-workspace (redirect page)
  + /plugins/dimapanov.nvidia/ -> https://plugins.omarchy.org/plugin.html?id=dimapanov.nvidia (redirect page)
  + /plugins/bar-glow/ -> https://plugins.omarchy.org/plugin.html?id=bar-glow (redirect page)
  + /plugins/io.github.maxmad75.btc-watcher/ -> https://plugins.omarchy.org/plugin.html?id=io.github.maxmad75.btc-watcher (redirect page)
  + /plugins/io.github.danbosscher.fullscreen-workspace/ -> https://plugins.omarchy.org/plugin.html?id=io.github.danbosscher.fullscreen-workspace (redirect page)
  + /plugins/io.github.artur-hash.smartthings/ -> https://plugins.omarchy.org/plugin.html?id=io.github.artur-hash.smartthings (redirect page)
  + /plugins/io.github.rafzzzzzz.distrowatch/ -> https://plugins.omarchy.org/plugin.html?id=io.github.rafzzzzzz.distrowatch (redirect page)
  + /plugins/grigorip.linear/ -> https://plugins.omarchy.org/plugin.html?id=grigorip.linear (redirect page)
  + /plugins/io.github.r404r.window-ward/ -> https://plugins.omarchy.org/plugin.html?id=io.github.r404r.window-ward (redirect page)
  + /plugins/crueber.omarchy-compact-docked-menu/ -> https://plugins.omarchy.org/plugin.html?id=crueber.omarchy-compact-docked-menu (redirect page)
  + /plugins/krall.switchboard/ -> https://plugins.omarchy.org/plugin.html?id=krall.switchboard (redirect page)
  + /plugins/abdul.hotcorners/ -> https://plugins.omarchy.org/plugin.html?id=abdul.hotcorners (redirect page)
  + /plugins/jgarza.scrollmap/ -> https://plugins.omarchy.org/plugin.html?id=jgarza.scrollmap (redirect page)
  + /plugins/vt.grok-usage/ -> https://plugins.omarchy.org/plugin.html?id=vt.grok-usage (redirect page)
  + /plugins/io.github.omashift.omashift/ -> https://plugins.omarchy.org/plugin.html?id=io.github.omashift.omashift (redirect page)
  + /plugins/filetransfer/ -> https://plugins.omarchy.org/plugin.html?id=filetransfer (redirect page)
  + /plugins/jacobsennando.workspace-lens/ -> https://plugins.omarchy.org/plugin.html?id=jacobsennando.workspace-lens (redirect page)
  + /plugins/skuthus.agent-term/ -> https://plugins.omarchy.org/plugin.html?id=skuthus.agent-term (redirect page)
  + /plugins/io.github.xgborgeso.gta6-countdown/ -> https://plugins.omarchy.org/plugin.html?id=io.github.xgborgeso.gta6-countdown (redirect page)
  + /plugins/ericvrp.floating-window-overrides/ -> https://plugins.omarchy.org/plugin.html?id=ericvrp.floating-window-overrides (redirect page)
  + /plugins/io.github.weedwhitesandwine.obsiduous/ -> https://plugins.omarchy.org/plugin.html?id=io.github.weedwhitesandwine.obsiduous (redirect page)
  + /plugins/dorneles.countdown/ -> https://plugins.omarchy.org/plugin.html?id=dorneles.countdown (redirect page)
  + /plugins/io.github.cbayschm74.laptop-power-center/ -> https://plugins.omarchy.org/plugin.html?id=io.github.cbayschm74.laptop-power-center (redirect page)
  + /plugins/victor.opencloud/ -> https://plugins.omarchy.org/plugin.html?id=victor.opencloud (redirect page)
  + /plugins/io.github.villainru.panel-resources/ -> https://plugins.omarchy.org/plugin.html?id=io.github.villainru.panel-resources (redirect page)
  + /plugins/aether.notch/ -> https://plugins.omarchy.org/plugin.html?id=aether.notch (redirect page)
  + /plugins/cristianocorsi.countdown/ -> https://plugins.omarchy.org/plugin.html?id=cristianocorsi.countdown (redirect page)
  + /plugins/qopen.launcher/ -> https://plugins.omarchy.org/plugin.html?id=qopen.launcher (redirect page)
  + /plugins/io.github.sahzudin.omarchy-google-search/ -> https://plugins.omarchy.org/plugin.html?id=io.github.sahzudin.omarchy-google-search (redirect page)
  + /plugins/io.github.shawnyeager.briotune/ -> https://plugins.omarchy.org/plugin.html?id=io.github.shawnyeager.briotune (redirect page)
  + /plugins/melonamin.fast/ -> https://plugins.omarchy.org/plugin.html?id=melonamin.fast (redirect page)
  + /plugins/network-devices.plugin/ -> https://plugins.omarchy.org/plugin.html?id=network-devices.plugin (redirect page)
  + /plugins/oma.juicemaxx/ -> https://plugins.omarchy.org/plugin.html?id=oma.juicemaxx (redirect page)
  + /plugins/io.github.elvis-christian.homelab-launcher/ -> https://plugins.omarchy.org/plugin.html?id=io.github.elvis-christian.homelab-launcher (redirect page)
  + /plugins/jankeesvw.time-machine/ -> https://plugins.omarchy.org/plugin.html?id=jankeesvw.time-machine (redirect page)
  + /plugins/orientation/ -> https://plugins.omarchy.org/plugin.html?id=orientation (redirect page)
  + /plugins/io.github.kvm404.laser-pointer/ -> https://plugins.omarchy.org/plugin.html?id=io.github.kvm404.laser-pointer (redirect page)
  + /plugins/io.github.baranskyi.omacash/ -> https://plugins.omarchy.org/plugin.html?id=io.github.baranskyi.omacash (redirect page)
  + /plugins/jrmmhm.pocket/ -> https://plugins.omarchy.org/plugin.html?id=jrmmhm.pocket (redirect page)
  + /plugins/io.github.moerdowo.fan/ -> https://plugins.omarchy.org/plugin.html?id=io.github.moerdowo.fan (redirect page)
  + /plugins/com.sovchat.omarchy/ -> https://plugins.omarchy.org/plugin.html?id=com.sovchat.omarchy (redirect page)
  + /plugins/io.github.moerdowo.mayar/ -> https://plugins.omarchy.org/plugin.html?id=io.github.moerdowo.mayar (redirect page)
  + /plugins/themo.nfl/ -> https://plugins.omarchy.org/plugin.html?id=themo.nfl (redirect page)
  + /plugins/io.github.harisb2012.selfcontrol/ -> https://plugins.omarchy.org/plugin.html?id=io.github.harisb2012.selfcontrol (redirect page)
  + /plugins/io.github.doctor.omabird/ -> https://plugins.omarchy.org/plugin.html?id=io.github.doctor.omabird (redirect page)
  + /plugins/io.github.doctor.omaduck/ -> https://plugins.omarchy.org/plugin.html?id=io.github.doctor.omaduck (redirect page)
  + /plugins/jankeesvw.herdr/ -> https://plugins.omarchy.org/plugin.html?id=jankeesvw.herdr (redirect page)
  + /plugins/legendik.n8n/ -> https://plugins.omarchy.org/plugin.html?id=legendik.n8n (redirect page)
  + /plugins/jankeesvw.bambu-lab/ -> https://plugins.omarchy.org/plugin.html?id=jankeesvw.bambu-lab (redirect page)
  + /plugins/dingyi.omaportless/ -> https://plugins.omarchy.org/plugin.html?id=dingyi.omaportless (redirect page)
  + /plugins/edbron.cloud-drives/ -> https://plugins.omarchy.org/plugin.html?id=edbron.cloud-drives (redirect page)
  + /plugins/rufussed.gpu-switch/ -> https://plugins.omarchy.org/plugin.html?id=rufussed.gpu-switch (redirect page)
  + /plugins/zakarch.borders/ -> https://plugins.omarchy.org/plugin.html?id=zakarch.borders (redirect page)
  + /plugins/sophie.time-tracker/ -> https://plugins.omarchy.org/plugin.html?id=sophie.time-tracker (redirect page)
  + /plugins/idan.workspace-names/ -> https://plugins.omarchy.org/plugin.html?id=idan.workspace-names (redirect page)
  + /plugins/sgruendel.fzf/ -> https://plugins.omarchy.org/plugin.html?id=sgruendel.fzf (redirect page)
  + /plugins/io.github.omarkamal.security-posture/ -> https://plugins.omarchy.org/plugin.html?id=io.github.omarkamal.security-posture (redirect page)
  + /plugins/io.github.hogar1977.top-bar-dock/ -> https://plugins.omarchy.org/plugin.html?id=io.github.hogar1977.top-bar-dock (redirect page)
  + /plugins/io.github.orthodox.omarchy-chord-expander/ -> https://plugins.omarchy.org/plugin.html?id=io.github.orthodox.omarchy-chord-expander (redirect page)
  + /plugins/community.workspace-stage/ -> https://plugins.omarchy.org/plugin.html?id=community.workspace-stage (redirect page)
  + /plugins/io.github.woogy7.tutor/ -> https://plugins.omarchy.org/plugin.html?id=io.github.woogy7.tutor (redirect page)
  + /plugins/io.github.ekrist1.nordsettings/ -> https://plugins.omarchy.org/plugin.html?id=io.github.ekrist1.nordsettings (redirect page)
  + /plugins/io.github.alxcrt.drawing-tablet/ -> https://plugins.omarchy.org/plugin.html?id=io.github.alxcrt.drawing-tablet (redirect page)
  + /plugins/jankeesvw.unifi-protect/ -> https://plugins.omarchy.org/plugin.html?id=jankeesvw.unifi-protect (redirect page)
  + /plugins/io.github.adamcbrewer.voxtype-aura/ -> https://plugins.omarchy.org/plugin.html?id=io.github.adamcbrewer.voxtype-aura (redirect page)
  + /plugins/io.github.r404r.pane-ratio/ -> https://plugins.omarchy.org/plugin.html?id=io.github.r404r.pane-ratio (redirect page)
  + /plugins/io.github.olivoil.hurricane-tracker/ -> https://plugins.omarchy.org/plugin.html?id=io.github.olivoil.hurricane-tracker (redirect page)
  + /plugins/io.github.guiestrela.wallpaperomarchymanager/ -> https://plugins.omarchy.org/plugin.html?id=io.github.guiestrela.wallpaperomarchymanager (redirect page)
  + /plugins/sridhar.shelf/ -> https://plugins.omarchy.org/plugin.html?id=sridhar.shelf (redirect page)
  + /plugins/moorgrove.overview/ -> https://plugins.omarchy.org/plugin.html?id=moorgrove.overview (redirect page)
  + /plugins/io.github.jeremylongshore.flow-boundary/ -> https://plugins.omarchy.org/plugin.html?id=io.github.jeremylongshore.flow-boundary (redirect page)
  + /plugins/jixt.twingate/ -> https://plugins.omarchy.org/plugin.html?id=jixt.twingate (redirect page)
  + /plugins/bert.flyby/ -> https://plugins.omarchy.org/plugin.html?id=bert.flyby (redirect page)
  + /plugins/roubilibo.refreshdeck/ -> https://plugins.omarchy.org/plugin.html?id=roubilibo.refreshdeck (redirect page)
  + /plugins/iaeluk.omenu/ -> https://plugins.omarchy.org/plugin.html?id=iaeluk.omenu (redirect page)
  + /plugins/io.github.majesticio.clipboard-button/ -> https://plugins.omarchy.org/plugin.html?id=io.github.majesticio.clipboard-button (redirect page)
  + /plugins/io.github.bitshiftxr.atrium/ -> https://plugins.omarchy.org/plugin.html?id=io.github.bitshiftxr.atrium (redirect page)
  + /plugins/devinblack001.wazuh-view/ -> https://plugins.omarchy.org/plugin.html?id=devinblack001.wazuh-view (redirect page)
  + /plugins/riclib.agentsview/ -> https://plugins.omarchy.org/plugin.html?id=riclib.agentsview (redirect page)
  + /plugins/io.github.dicemans.network-scanner/ -> https://plugins.omarchy.org/plugin.html?id=io.github.dicemans.network-scanner (redirect page)
  + /plugins/io.github.majesticio.eye-in-the-sky/ -> https://plugins.omarchy.org/plugin.html?id=io.github.majesticio.eye-in-the-sky (redirect page)
  + /plugins/io.github.kszx11.fleet-ssh/ -> https://plugins.omarchy.org/plugin.html?id=io.github.kszx11.fleet-ssh (redirect page)
  + /plugins/omarcs.stats/ -> https://plugins.omarchy.org/plugin.html?id=omarcs.stats (redirect page)
  + /plugins/io.github.jlescanog.open-with/ -> https://plugins.omarchy.org/plugin.html?id=io.github.jlescanog.open-with (redirect page)
  + /plugins/bert.trashie/ -> https://plugins.omarchy.org/plugin.html?id=bert.trashie (redirect page)
  + /plugins/io.github.jeremylongshore.foundry/ -> https://plugins.omarchy.org/plugin.html?id=io.github.jeremylongshore.foundry (redirect page)
  + /plugins/io.github.tomfaulkner.ostrich-riders/ -> https://plugins.omarchy.org/plugin.html?id=io.github.tomfaulkner.ostrich-riders (redirect page)
  + /plugins/io.github.styles01.ollama-cloud/ -> https://plugins.omarchy.org/plugin.html?id=io.github.styles01.ollama-cloud (redirect page)
  + /plugins/asfarsadewa.omarchomander/ -> https://plugins.omarchy.org/plugin.html?id=asfarsadewa.omarchomander (redirect page)
  + /plugins/io.github.bubblepaxi.workspace-preview/ -> https://plugins.omarchy.org/plugin.html?id=io.github.bubblepaxi.workspace-preview (redirect page)
  + /plugins/whiskeytuesday.sticky-backgrounds/ -> https://plugins.omarchy.org/plugin.html?id=whiskeytuesday.sticky-backgrounds (redirect page)
  + /plugins/io.github.majesticio.keyboard-backlight/ -> https://plugins.omarchy.org/plugin.html?id=io.github.majesticio.keyboard-backlight (redirect page)
  + /plugins/io.github.joshferrara.quick-emoji/ -> https://plugins.omarchy.org/plugin.html?id=io.github.joshferrara.quick-emoji (redirect page)
  + /plugins/idle-ladder/ -> https://plugins.omarchy.org/plugin.html?id=idle-ladder (redirect page)
  + /plugins/io.github.luxore.unifi-protect/ -> https://plugins.omarchy.org/plugin.html?id=io.github.luxore.unifi-protect (redirect page)
  + /plugins/themo.monitor-profiles/ -> https://plugins.omarchy.org/plugin.html?id=themo.monitor-profiles (redirect page)
  + /plugins/bralyx.reminders/ -> https://plugins.omarchy.org/plugin.html?id=bralyx.reminders (redirect page)
  + /plugins/eduardo.nvim-screensaver/ -> https://plugins.omarchy.org/plugin.html?id=eduardo.nvim-screensaver (redirect page)
  + /plugins/local.opencode-go-usage/ -> https://plugins.omarchy.org/plugin.html?id=local.opencode-go-usage (redirect page)
  + /plugins/io.github.aaronkhawkins.iphone-clipboard/ -> https://plugins.omarchy.org/plugin.html?id=io.github.aaronkhawkins.iphone-clipboard (redirect page)
  + /plugins/costafot.clippy/ -> https://plugins.omarchy.org/plugin.html?id=costafot.clippy (redirect page)
  + /plugins/io.github.josephbriones.clickable/ -> https://plugins.omarchy.org/plugin.html?id=io.github.josephbriones.clickable (redirect page)
  + /plugins/io.github.zuccs.eightsleep/ -> https://plugins.omarchy.org/plugin.html?id=io.github.zuccs.eightsleep (redirect page)
  + /plugins/topmass.airtype/ -> https://plugins.omarchy.org/plugin.html?id=topmass.airtype (redirect page)
  + /plugins/garethpaul.calculator/ -> https://plugins.omarchy.org/plugin.html?id=garethpaul.calculator (redirect page)
  + /plugins/ryrobes.beatbar/ -> https://plugins.omarchy.org/plugin.html?id=ryrobes.beatbar (redirect page)
  + /plugins/io.github.eerengz.aether-guard/ -> https://plugins.omarchy.org/plugin.html?id=io.github.eerengz.aether-guard (redirect page)
  + /plugins/io.github.dicemans.iphone/ -> https://plugins.omarchy.org/plugin.html?id=io.github.dicemans.iphone (redirect page)
  + /plugins/io.github.thomasvez.depaudit/ -> https://plugins.omarchy.org/plugin.html?id=io.github.thomasvez.depaudit (redirect page)
  + /plugins/ever.telemetry/ -> https://plugins.omarchy.org/plugin.html?id=ever.telemetry (redirect page)
  + /plugins/relctx.cellular/ -> https://plugins.omarchy.org/plugin.html?id=relctx.cellular (redirect page)
  + /plugins/io.github.snikulin.omaquote/ -> https://plugins.omarchy.org/plugin.html?id=io.github.snikulin.omaquote (redirect page)
  + /plugins/super-apps/ -> https://plugins.omarchy.org/plugin.html?id=super-apps (redirect page)
  + /plugins/dzhibas.menu/ -> https://plugins.omarchy.org/plugin.html?id=dzhibas.menu (redirect page)
  + /plugins/jankeesvw.text-transform/ -> https://plugins.omarchy.org/plugin.html?id=jankeesvw.text-transform (redirect page)
  + /plugins/rookepoole.oligarchy-tax-department/ -> https://plugins.omarchy.org/plugin.html?id=rookepoole.oligarchy-tax-department (redirect page)
  + /plugins/sashoush.depot/ -> https://plugins.omarchy.org/plugin.html?id=sashoush.depot (redirect page)
  + /plugins/viniciusfnery.github-inbox/ -> https://plugins.omarchy.org/plugin.html?id=viniciusfnery.github-inbox (redirect page)
  + /plugins/veepee.twingate/ -> https://plugins.omarchy.org/plugin.html?id=veepee.twingate (redirect page)
  + /plugins/godhiraj.omaudit-status/ -> https://plugins.omarchy.org/plugin.html?id=godhiraj.omaudit-status (redirect page)
  + /plugins/olivgrau.netviz3d/ -> https://plugins.omarchy.org/plugin.html?id=olivgrau.netviz3d (redirect page)
  + /plugins/brenc.newgrounds-radio/ -> https://plugins.omarchy.org/plugin.html?id=brenc.newgrounds-radio (redirect page)
  + /plugins/io.github.archer-clawbot.hermes-harness/ -> https://plugins.omarchy.org/plugin.html?id=io.github.archer-clawbot.hermes-harness (redirect page)
  + /plugins/dorneles.omastamp/ -> https://plugins.omarchy.org/plugin.html?id=dorneles.omastamp (redirect page)
  + /plugins/eduard.bouncing-ball/ -> https://plugins.omarchy.org/plugin.html?id=eduard.bouncing-ball (redirect page)
  + /plugins/fab.pillbar/ -> https://plugins.omarchy.org/plugin.html?id=fab.pillbar (redirect page)
  + /plugins/nodoom.composer/ -> https://plugins.omarchy.org/plugin.html?id=nodoom.composer (redirect page)
  + /plugins/p134c0d3.omapreflight/ -> https://plugins.omarchy.org/plugin.html?id=p134c0d3.omapreflight (redirect page)
  + /plugins/io.github.anooplamba.workspace-preview/ -> https://plugins.omarchy.org/plugin.html?id=io.github.anooplamba.workspace-preview (redirect page)
  + /plugins/koka.umbrella/ -> https://plugins.omarchy.org/plugin.html?id=koka.umbrella (redirect page)
  + /plugins/io.github.erikabel.little-stereo/ -> https://plugins.omarchy.org/plugin.html?id=io.github.erikabel.little-stereo (redirect page)
  + /plugins/io.github.whiskeytuesday.custom-font/ -> https://plugins.omarchy.org/plugin.html?id=io.github.whiskeytuesday.custom-font (redirect page)
  + /plugins/io.github.joryeugene.omarchy-calendar/ -> https://plugins.omarchy.org/plugin.html?id=io.github.joryeugene.omarchy-calendar (redirect page)
  + /plugins/gladimdim.hardware.info/ -> https://plugins.omarchy.org/plugin.html?id=gladimdim.hardware.info (redirect page)
  + /plugins/paisen.omo-anitrack/ -> https://plugins.omarchy.org/plugin.html?id=paisen.omo-anitrack (redirect page)
  + /plugins/io.github.14brussell.wallpaper-engine/ -> https://plugins.omarchy.org/plugin.html?id=io.github.14brussell.wallpaper-engine (redirect page)
  + /plugins/dot3x3q.omarchy-plex/ -> https://plugins.omarchy.org/plugin.html?id=dot3x3q.omarchy-plex (redirect page)
  + /plugins/niziul.tuxedo/ -> https://plugins.omarchy.org/plugin.html?id=niziul.tuxedo (redirect page)
  + /plugins/slowburnaz.omascore/ -> https://plugins.omarchy.org/plugin.html?id=slowburnaz.omascore (redirect page)
  + /plugins/djmenig.omadash/ -> https://plugins.omarchy.org/plugin.html?id=djmenig.omadash (redirect page)
  + /plugins/brownfamilysports.td-palette/ -> https://plugins.omarchy.org/plugin.html?id=brownfamilysports.td-palette (redirect page)
  + /plugins/io.github.nousd.omamin/ -> https://plugins.omarchy.org/plugin.html?id=io.github.nousd.omamin (redirect page)
  + /plugins/idan.claude-alerts/ -> https://plugins.omarchy.org/plugin.html?id=idan.claude-alerts (redirect page)
  + /plugins/io.github.zedster07.ytclip/ -> https://plugins.omarchy.org/plugin.html?id=io.github.zedster07.ytclip (redirect page)
  + /plugins/io.github.r3pc0n.hermes-agent-widget/ -> https://plugins.omarchy.org/plugin.html?id=io.github.r3pc0n.hermes-agent-widget (redirect page)
  + /plugins/quickshell.tidal/ -> https://plugins.omarchy.org/plugin.html?id=quickshell.tidal (redirect page)
  + /plugins/nenadjokic.navibeat/ -> https://plugins.omarchy.org/plugin.html?id=nenadjokic.navibeat (redirect page)
  + /plugins/io.github.gedankenn.omaweather/ -> https://plugins.omarchy.org/plugin.html?id=io.github.gedankenn.omaweather (redirect page)
  + /plugins/nenadjokic.surfshark/ -> https://plugins.omarchy.org/plugin.html?id=nenadjokic.surfshark (redirect page)
  + /plugins/io.github.luccast.omarr/ -> https://plugins.omarchy.org/plugin.html?id=io.github.luccast.omarr (redirect page)
  + /plugins/io.github.erscheinung.todoist-today/ -> https://plugins.omarchy.org/plugin.html?id=io.github.erscheinung.todoist-today (redirect page)
  + /plugins/io.github.thepeterkovacs.thermals/ -> https://plugins.omarchy.org/plugin.html?id=io.github.thepeterkovacs.thermals (redirect page)
  + /plugins/io.github.andrewmsboyd.omamode/ -> https://plugins.omarchy.org/plugin.html?id=io.github.andrewmsboyd.omamode (redirect page)
  + /plugins/omatape/ -> https://plugins.omarchy.org/plugin.html?id=omatape (redirect page)
  + /plugins/omarchy-tuxedo/ -> https://plugins.omarchy.org/plugin.html?id=omarchy-tuxedo (redirect page)
  + /plugins/devtrack.streak/ -> https://plugins.omarchy.org/plugin.html?id=devtrack.streak (redirect page)
  + /plugins/v.pebble-index/ -> https://plugins.omarchy.org/plugin.html?id=v.pebble-index (redirect page)
  + /plugins/io.github.giannileggio.agent-deck/ -> https://plugins.omarchy.org/plugin.html?id=io.github.giannileggio.agent-deck (redirect page)
  + /plugins/io.github.seyhunakyurek.omglow/ -> https://plugins.omarchy.org/plugin.html?id=io.github.seyhunakyurek.omglow (redirect page)
  + /plugins/my.quicknote/ -> https://plugins.omarchy.org/plugin.html?id=my.quicknote (redirect page)
  + /plugins/io.github.jeremylongshore.loose-ends/ -> https://plugins.omarchy.org/plugin.html?id=io.github.jeremylongshore.loose-ends (redirect page)
  + /plugins/io.github.jeremylongshore.capture-conveyor/ -> https://plugins.omarchy.org/plugin.html?id=io.github.jeremylongshore.capture-conveyor (redirect page)
  + /plugins/io.github.jeremylongshore.workspace-storyboard/ -> https://plugins.omarchy.org/plugin.html?id=io.github.jeremylongshore.workspace-storyboard (redirect page)
  + /plugins/io.github.jeremylongshore.quiet-queue/ -> https://plugins.omarchy.org/plugin.html?id=io.github.jeremylongshore.quiet-queue (redirect page)
  + /plugins/wryanp.tsundoku/ -> https://plugins.omarchy.org/plugin.html?id=wryanp.tsundoku (redirect page)
  + /plugins/apsingh.super-productivity/ -> https://plugins.omarchy.org/plugin.html?id=apsingh.super-productivity (redirect page)
  + /plugins/io.github.grynov.cert-wifi/ -> https://plugins.omarchy.org/plugin.html?id=io.github.grynov.cert-wifi (redirect page)
  + /plugins/pedro.simple-task/ -> https://plugins.omarchy.org/plugin.html?id=pedro.simple-task (redirect page)
  + /plugins/io.github.epicbagel.tuber/ -> https://plugins.omarchy.org/plugin.html?id=io.github.epicbagel.tuber (redirect page)
  + /plugins/nzkritik.desktop-hue/ -> https://plugins.omarchy.org/plugin.html?id=nzkritik.desktop-hue (redirect page)
  + /plugins/vdsabev.omadough/ -> https://plugins.omarchy.org/plugin.html?id=vdsabev.omadough (redirect page)
  + /plugins/io.github.solisoft.soli-proxy/ -> https://plugins.omarchy.org/plugin.html?id=io.github.solisoft.soli-proxy (redirect page)
  + /plugins/pestov.apple-music/ -> https://plugins.omarchy.org/plugin.html?id=pestov.apple-music (redirect page)
  + /plugins/primo.dock/ -> https://plugins.omarchy.org/plugin.html?id=primo.dock (redirect page)
  + /plugins/com.windscribe.vpn/ -> https://plugins.omarchy.org/plugin.html?id=com.windscribe.vpn (redirect page)
  + /plugins/io.github.ipastorsan.bujo/ -> https://plugins.omarchy.org/plugin.html?id=io.github.ipastorsan.bujo (redirect page)
  + /plugins/io.github.rsd.omavnc/ -> https://plugins.omarchy.org/plugin.html?id=io.github.rsd.omavnc (redirect page)
  + /plugins/io.github.idealprojectgroup.stripe-revenue/ -> https://plugins.omarchy.org/plugin.html?id=io.github.idealprojectgroup.stripe-revenue (redirect page)
  + /plugins/com.github.tug-benson.omadroid/ -> https://plugins.omarchy.org/plugin.html?id=com.github.tug-benson.omadroid (redirect page)
  + /plugins/io.github.giodc.omarchweb/ -> https://plugins.omarchy.org/plugin.html?id=io.github.giodc.omarchweb (redirect page)
  + /plugins/io.github.skymebr.usbguard/ -> https://plugins.omarchy.org/plugin.html?id=io.github.skymebr.usbguard (redirect page)
  + /plugins/io.github.tug-benson.openvpn/ -> https://plugins.omarchy.org/plugin.html?id=io.github.tug-benson.openvpn (redirect page)
  + /plugins/io.github.dmreiland.shorten-url/ -> https://plugins.omarchy.org/plugin.html?id=io.github.dmreiland.shorten-url (redirect page)
  + /plugins/io.github.manologarciadev.music-assistant/ -> https://plugins.omarchy.org/plugin.html?id=io.github.manologarciadev.music-assistant (redirect page)
  + /plugins/wellatleastitried.copilot-panel-usage/ -> https://plugins.omarchy.org/plugin.html?id=wellatleastitried.copilot-panel-usage (redirect page)
  + /plugins/dev.ilegna.xcompose/ -> https://plugins.omarchy.org/plugin.html?id=dev.ilegna.xcompose (redirect page)
  + /plugins/oma.borg/ -> https://plugins.omarchy.org/plugin.html?id=oma.borg (redirect page)
  + /plugins/renews.creators/ -> https://plugins.omarchy.org/plugin.html?id=renews.creators (redirect page)
  + /plugins/omayap.read-aloud/ -> https://plugins.omarchy.org/plugin.html?id=omayap.read-aloud (redirect page)
  + /plugins/bisma.omaga-sync/ -> https://plugins.omarchy.org/plugin.html?id=bisma.omaga-sync (redirect page)
  + /plugins/io.github.djrcx.layout-switcher/ -> https://plugins.omarchy.org/plugin.html?id=io.github.djrcx.layout-switcher (redirect page)
  + /plugins/io.github.fcsonline.omaguard/ -> https://plugins.omarchy.org/plugin.html?id=io.github.fcsonline.omaguard (redirect page)
  + /plugins/yarikov.omatips/ -> https://plugins.omarchy.org/plugin.html?id=yarikov.omatips (redirect page)
  + /plugins/io.github.cozidian.dnd/ -> https://plugins.omarchy.org/plugin.html?id=io.github.cozidian.dnd (redirect page)
  + /plugins/io.github.rolfkoenders.umarchy/ -> https://plugins.omarchy.org/plugin.html?id=io.github.rolfkoenders.umarchy (redirect page)
  + /plugins/chispes.agent-gemini/ -> https://plugins.omarchy.org/plugin.html?id=chispes.agent-gemini (redirect page)
  + /plugins/io.github.avillagran.omarchy-control-panel/ -> https://plugins.omarchy.org/plugin.html?id=io.github.avillagran.omarchy-control-panel (redirect page)
  + /plugins/meviusisback.agent-orchestr/ -> https://plugins.omarchy.org/plugin.html?id=meviusisback.agent-orchestr (redirect page)
  + /plugins/jmaeder.swisstransport/ -> https://plugins.omarchy.org/plugin.html?id=jmaeder.swisstransport (redirect page)
  + /plugins/io.github.tug-benson.synology-drive/ -> https://plugins.omarchy.org/plugin.html?id=io.github.tug-benson.synology-drive (redirect page)
  + /plugins/lucas.omadrop/ -> https://plugins.omarchy.org/plugin.html?id=lucas.omadrop (redirect page)
  + /plugins/io.github.x3me.nexthop/ -> https://plugins.omarchy.org/plugin.html?id=io.github.x3me.nexthop (redirect page)
  + /plugins/io.github.alexdont.tmux-helper/ -> https://plugins.omarchy.org/plugin.html?id=io.github.alexdont.tmux-helper (redirect page)
  + /plugins/salted.silence/ -> https://plugins.omarchy.org/plugin.html?id=salted.silence (redirect page)
  + /plugins/io.github.ajanraj.loopbox/ -> https://plugins.omarchy.org/plugin.html?id=io.github.ajanraj.loopbox (redirect page)
  + /plugins/yusuf.antigravity-dictation/ -> https://plugins.omarchy.org/plugin.html?id=yusuf.antigravity-dictation (redirect page)
  + /plugins/ssandys.headway/ -> https://plugins.omarchy.org/plugin.html?id=ssandys.headway (redirect page)
  + /plugins/io.github.rahulmanuwas.omacam/ -> https://plugins.omarchy.org/plugin.html?id=io.github.rahulmanuwas.omacam (redirect page)
  + /plugins/godlewski.framework-led-matrix-helper/ -> https://plugins.omarchy.org/plugin.html?id=godlewski.framework-led-matrix-helper (redirect page)
  + /plugins/io.github.giodc.omafonts/ -> https://plugins.omarchy.org/plugin.html?id=io.github.giodc.omafonts (redirect page)
  + /plugins/io.github.slomo-b.snipper/ -> https://plugins.omarchy.org/plugin.html?id=io.github.slomo-b.snipper (redirect page)
  + /plugins/io.github.eddownes.omaimapmail/ -> https://plugins.omarchy.org/plugin.html?id=io.github.eddownes.omaimapmail (redirect page)
  + /plugins/io.github.thebub.netbird/ -> https://plugins.omarchy.org/plugin.html?id=io.github.thebub.netbird (redirect page)
  + /plugins/io.github.bruce-forte.old-theme-switcher/ -> https://plugins.omarchy.org/plugin.html?id=io.github.bruce-forte.old-theme-switcher (redirect page)
  + /plugins/io.github.weedwhitesandwine.omafetti/ -> https://plugins.omarchy.org/plugin.html?id=io.github.weedwhitesandwine.omafetti (redirect page)
  + /plugins/io.github.ejames-dev.ngrok/ -> https://plugins.omarchy.org/plugin.html?id=io.github.ejames-dev.ngrok (redirect page)
  + /plugins/ryanyogan.hydrate/ -> https://plugins.omarchy.org/plugin.html?id=ryanyogan.hydrate (redirect page)
  + /plugins/angelv.clock/ -> https://plugins.omarchy.org/plugin.html?id=angelv.clock (redirect page)
  + /plugins/io.github.dpulpeiro.collie/ -> https://plugins.omarchy.org/plugin.html?id=io.github.dpulpeiro.collie (redirect page)
  + /plugins/grenco.snapman/ -> https://plugins.omarchy.org/plugin.html?id=grenco.snapman (redirect page)
  + /plugins/io.github.equa-tory.quicksearch/ -> https://plugins.omarchy.org/plugin.html?id=io.github.equa-tory.quicksearch (redirect page)
  + /plugins/dev.egoist.cpu-usage/ -> https://plugins.omarchy.org/plugin.html?id=dev.egoist.cpu-usage (redirect page)
  + /plugins/dev.egoist.memory-usage/ -> https://plugins.omarchy.org/plugin.html?id=dev.egoist.memory-usage (redirect page)
  + /plugins/dev.egoist.network-throughput/ -> https://plugins.omarchy.org/plugin.html?id=dev.egoist.network-throughput (redirect page)
  + /plugins/io.github.ki11e6.harbor/ -> https://plugins.omarchy.org/plugin.html?id=io.github.ki11e6.harbor (redirect page)
  + /plugins/io.github.majkelll.omarchy-uptime/ -> https://plugins.omarchy.org/plugin.html?id=io.github.majkelll.omarchy-uptime (redirect page)
  + /plugins/io.github.idr4n.prayer-times/ -> https://plugins.omarchy.org/plugin.html?id=io.github.idr4n.prayer-times (redirect page)
  + /plugins/aaron.substack/ -> https://plugins.omarchy.org/plugin.html?id=aaron.substack (redirect page)
  + /plugins/io.github.brukb.omarchy-zerotier/ -> https://plugins.omarchy.org/plugin.html?id=io.github.brukb.omarchy-zerotier (redirect page)
  + /plugins/thatbeautifuldream.homelab/ -> https://plugins.omarchy.org/plugin.html?id=thatbeautifuldream.homelab (redirect page)
  + /plugins/io.github.zestybytes.deco-mesh/ -> https://plugins.omarchy.org/plugin.html?id=io.github.zestybytes.deco-mesh (redirect page)
  + /plugins/tngyema.refresh-rate/ -> https://plugins.omarchy.org/plugin.html?id=tngyema.refresh-rate (redirect page)
  + /plugins/686f6c61.proton-mail/ -> https://plugins.omarchy.org/plugin.html?id=686f6c61.proton-mail (redirect page)
  + /plugins/max.scene/ -> https://plugins.omarchy.org/plugin.html?id=max.scene (redirect page)
  + /plugins/io.github.danielsuhett.vivobook-rgb/ -> https://plugins.omarchy.org/plugin.html?id=io.github.danielsuhett.vivobook-rgb (redirect page)
  + /plugins/knappkevin.terminal-wallpaper/ -> https://plugins.omarchy.org/plugin.html?id=knappkevin.terminal-wallpaper (redirect page)
  + /plugins/esemczak.theme-modes/ -> https://plugins.omarchy.org/plugin.html?id=esemczak.theme-modes (redirect page)
  + /plugins/omarchy-wvkbd/ -> https://plugins.omarchy.org/plugin.html?id=omarchy-wvkbd (redirect page)
  + /plugins/decomposer.overlay/ -> https://plugins.omarchy.org/plugin.html?id=decomposer.overlay (redirect page)
  + /plugins/jinxnet.inkmode/ -> https://plugins.omarchy.org/plugin.html?id=jinxnet.inkmode (redirect page)
  + /plugins/io.github.katsari.nook/ -> https://plugins.omarchy.org/plugin.html?id=io.github.katsari.nook (redirect page)
  + /plugins/rossvz.focus-mode/ -> https://plugins.omarchy.org/plugin.html?id=rossvz.focus-mode (redirect page)
  + /plugins/marco.pi-memoria/ -> https://plugins.omarchy.org/plugin.html?id=marco.pi-memoria (redirect page)
  + /plugins/roubilibo.omarchy-snip-record/ -> https://plugins.omarchy.org/plugin.html?id=roubilibo.omarchy-snip-record (redirect page)
  + /plugins/theruckh.workspaces-per-monitor/ -> https://plugins.omarchy.org/plugin.html?id=theruckh.workspaces-per-monitor (redirect page)
  + /plugins/io.github.lioheimberg.stardate/ -> https://plugins.omarchy.org/plugin.html?id=io.github.lioheimberg.stardate (redirect page)
  + /plugins/focuswts.windows-like/ -> https://plugins.omarchy.org/plugin.html?id=focuswts.windows-like (redirect page)
  + /plugins/co.klair.googly-eyes/ -> https://plugins.omarchy.org/plugin.html?id=co.klair.googly-eyes (redirect page)
  + /plugins/ronnie.workspace-tidy/ -> https://plugins.omarchy.org/plugin.html?id=ronnie.workspace-tidy (redirect page)
  + /plugins/sysmon/ -> https://plugins.omarchy.org/plugin.html?id=sysmon (redirect page)
  + /plugins/tpelicano.neopolitan/ -> https://plugins.omarchy.org/plugin.html?id=tpelicano.neopolitan (redirect page)
  + /plugins/alexzeitler.ytdlp/ -> https://plugins.omarchy.org/plugin.html?id=alexzeitler.ytdlp (redirect page)
  + /plugins/zen.cinewall/ -> https://plugins.omarchy.org/plugin.html?id=zen.cinewall (redirect page)
  + /plugins/co.klair.wallarchy/ -> https://plugins.omarchy.org/plugin.html?id=co.klair.wallarchy (redirect page)
  + /plugins/io.github.mranallo.dropshelf/ -> https://plugins.omarchy.org/plugin.html?id=io.github.mranallo.dropshelf (redirect page)
  + /plugins/kiryuuki.oma-kasm/ -> https://plugins.omarchy.org/plugin.html?id=kiryuuki.oma-kasm (redirect page)
  + /plugins/io.github.aphelion-studios.omamoodist/ -> https://plugins.omarchy.org/plugin.html?id=io.github.aphelion-studios.omamoodist (redirect page)
  + /plugins/xela.x3d-mode/ -> https://plugins.omarchy.org/plugin.html?id=xela.x3d-mode (redirect page)
  + /plugins/msi.gp66-fan-control/ -> https://plugins.omarchy.org/plugin.html?id=msi.gp66-fan-control (redirect page)
  + /plugins/io.github.weedwhitesandwine.ripcord/ -> https://plugins.omarchy.org/plugin.html?id=io.github.weedwhitesandwine.ripcord (redirect page)
  + /plugins/kiryuuki.oma-taskvomi/ -> https://plugins.omarchy.org/plugin.html?id=kiryuuki.oma-taskvomi (redirect page)
  + /plugins/org.librewebui.companion/ -> https://plugins.omarchy.org/plugin.html?id=org.librewebui.companion (redirect page)
  + /plugins/io.github.rektyrowdyy.android-mirror/ -> https://plugins.omarchy.org/plugin.html?id=io.github.rektyrowdyy.android-mirror (redirect page)
  + /plugins/promaa.clock/ -> https://plugins.omarchy.org/plugin.html?id=promaa.clock (redirect page)
  + /plugins/bottelet.invaders/ -> https://plugins.omarchy.org/plugin.html?id=bottelet.invaders (redirect page)
  + /plugins/io.github.zestybytes.tapo-cameras/ -> https://plugins.omarchy.org/plugin.html?id=io.github.zestybytes.tapo-cameras (redirect page)
  + /plugins/devinblack001.wazuh-server-view/ -> https://plugins.omarchy.org/plugin.html?id=devinblack001.wazuh-server-view (redirect page)
  + /plugins/io.github.hutsoncap.shokz/ -> https://plugins.omarchy.org/plugin.html?id=io.github.hutsoncap.shokz (redirect page)
  + /plugins/io.github.solisoft.soli-db/ -> https://plugins.omarchy.org/plugin.html?id=io.github.solisoft.soli-db (redirect page)
  + /plugins/dev.bvisagie.quadrant/ -> https://plugins.omarchy.org/plugin.html?id=dev.bvisagie.quadrant (redirect page)
  + /plugins/com.leafbox.spacewx/ -> https://plugins.omarchy.org/plugin.html?id=com.leafbox.spacewx (redirect page)
  + /plugins/astrofoundry.keybind-editor/ -> https://plugins.omarchy.org/plugin.html?id=astrofoundry.keybind-editor (redirect page)
  + /plugins/pennyfx.spectrum/ -> https://plugins.omarchy.org/plugin.html?id=pennyfx.spectrum (redirect page)
  + /plugins/kenny.nightlight/ -> https://plugins.omarchy.org/plugin.html?id=kenny.nightlight (redirect page)
  + /plugins/onlyvishesh.power-manager/ -> https://plugins.omarchy.org/plugin.html?id=onlyvishesh.power-manager (redirect page)
  + /plugins/io.github.tslove923.howdy-face-unlock/ -> https://plugins.omarchy.org/plugin.html?id=io.github.tslove923.howdy-face-unlock (redirect page)
  + /plugins/com.github.linuxgameruk.deepseek-harness-switch/ -> https://plugins.omarchy.org/plugin.html?id=com.github.linuxgameruk.deepseek-harness-switch (redirect page)
  + /plugins/nenadjokic.nvidia-hybrid/ -> https://plugins.omarchy.org/plugin.html?id=nenadjokic.nvidia-hybrid (redirect page)
  + /plugins/io.github.linuxgameruk.ollama-cloud-api/ -> https://plugins.omarchy.org/plugin.html?id=io.github.linuxgameruk.ollama-cloud-api (redirect page)
  + /plugins/io.github.fadecap.steelseries-battery/ -> https://plugins.omarchy.org/plugin.html?id=io.github.fadecap.steelseries-battery (redirect page)
  + /plugins/prusso.bisaiko/ -> https://plugins.omarchy.org/plugin.html?id=prusso.bisaiko (redirect page)
  + /plugins/cvatca.autotheme/ -> https://plugins.omarchy.org/plugin.html?id=cvatca.autotheme (redirect page)
  + /plugins/wdg.omarecall/ -> https://plugins.omarchy.org/plugin.html?id=wdg.omarecall (redirect page)
  + /plugins/shl.deeplok/ -> https://plugins.omarchy.org/plugin.html?id=shl.deeplok (redirect page)
  + /plugins/santyalmeida.sysmon/ -> https://plugins.omarchy.org/plugin.html?id=santyalmeida.sysmon (redirect page)
  + /plugins/yarikov.omakvn/ -> https://plugins.omarchy.org/plugin.html?id=yarikov.omakvn (redirect page)
  + /plugins/bitshaker.omaframes/ -> https://plugins.omarchy.org/plugin.html?id=bitshaker.omaframes (redirect page)
  + /plugins/io.github.polidog.social-poster/ -> https://plugins.omarchy.org/plugin.html?id=io.github.polidog.social-poster (redirect page)
  + /plugins/io.github.imr-git.divinum-officium/ -> https://plugins.omarchy.org/plugin.html?id=io.github.imr-git.divinum-officium (redirect page)
  + /plugins/io.github.hack3rrabbit.chand/ -> https://plugins.omarchy.org/plugin.html?id=io.github.hack3rrabbit.chand (redirect page)
  + /plugins/sergiotapia.omarchy-timezone-bar/ -> https://plugins.omarchy.org/plugin.html?id=sergiotapia.omarchy-timezone-bar (redirect page)
  + /plugins/io.github.mtolhuys.onscreen-keyboard/ -> https://plugins.omarchy.org/plugin.html?id=io.github.mtolhuys.onscreen-keyboard (redirect page)
  + /plugins/wmfeht.border-fx/ -> https://plugins.omarchy.org/plugin.html?id=wmfeht.border-fx (redirect page)
  + /plugins/vip32.repo.hub/ -> https://plugins.omarchy.org/plugin.html?id=vip32.repo.hub (redirect page)
  + /plugins/rasmus.fmi-weather/ -> https://plugins.omarchy.org/plugin.html?id=rasmus.fmi-weather (redirect page)
  + /plugins/io.github.flathack.tunarchy/ -> https://plugins.omarchy.org/plugin.html?id=io.github.flathack.tunarchy (redirect page)
  + /plugins/vip32.torbox.downloader/ -> https://plugins.omarchy.org/plugin.html?id=vip32.torbox.downloader (redirect page)
  + /plugins/keybind-manager/ -> https://plugins.omarchy.org/plugin.html?id=keybind-manager (redirect page)
  + /plugins/io.github.felipemayerdev.omaseafile/ -> https://plugins.omarchy.org/plugin.html?id=io.github.felipemayerdev.omaseafile (redirect page)
  + /plugins/io.github.dannymcc.veracrypt-vaults/ -> https://plugins.omarchy.org/plugin.html?id=io.github.dannymcc.veracrypt-vaults (redirect page)
  + /plugins/cantina.omarchy-context-menus/ -> https://plugins.omarchy.org/plugin.html?id=cantina.omarchy-context-menus (redirect page)
  + /plugins/io.github.adham2023.screen-layout/ -> https://plugins.omarchy.org/plugin.html?id=io.github.adham2023.screen-layout (redirect page)
  + /plugins/youtube.control-center/ -> https://plugins.omarchy.org/plugin.html?id=youtube.control-center (redirect page)
  + /plugins/no.koka.event-countdown/ -> https://plugins.omarchy.org/plugin.html?id=no.koka.event-countdown (redirect page)
  + /plugins/dev.momoi-labs.pane-manager/ -> https://plugins.omarchy.org/plugin.html?id=dev.momoi-labs.pane-manager (redirect page)
  + /plugins/io.github.christopherhaynes33.omacanvas/ -> https://plugins.omarchy.org/plugin.html?id=io.github.christopherhaynes33.omacanvas (redirect page)
  + /plugins/tim.theme-rotate/ -> https://plugins.omarchy.org/plugin.html?id=tim.theme-rotate (redirect page)
  + /plugins/harbefas.vault/ -> https://plugins.omarchy.org/plugin.html?id=harbefas.vault (redirect page)
  + /plugins/io.github.sahzudin.omarchy-chat/ -> https://plugins.omarchy.org/plugin.html?id=io.github.sahzudin.omarchy-chat (redirect page)
  + /plugins/giuliano.canone/ -> https://plugins.omarchy.org/plugin.html?id=giuliano.canone (redirect page)
  + /plugins/io.github.jcstone.daily-bible/ -> https://plugins.omarchy.org/plugin.html?id=io.github.jcstone.daily-bible (redirect page)
  + /plugins/propsuite.workspace-peek/ -> https://plugins.omarchy.org/plugin.html?id=propsuite.workspace-peek (redirect page)
  + /plugins/min-launcher/ -> https://plugins.omarchy.org/plugin.html?id=min-launcher (redirect page)
  + /plugins/jo.omagrey/ -> https://plugins.omarchy.org/plugin.html?id=jo.omagrey (redirect page)
  + /plugins/ed.omatodo/ -> https://plugins.omarchy.org/plugin.html?id=ed.omatodo (redirect page)
  + /plugins/io.github.tlun0911.stopwatch/ -> https://plugins.omarchy.org/plugin.html?id=io.github.tlun0911.stopwatch (redirect page)
  + /plugins/cinco.5bars/ -> https://plugins.omarchy.org/plugin.html?id=cinco.5bars (redirect page)
  + /plugins/io.github.doctor.omacookie/ -> https://plugins.omarchy.org/plugin.html?id=io.github.doctor.omacookie (redirect page)
  + /plugins/io.github.dfrost90.air-alert/ -> https://plugins.omarchy.org/plugin.html?id=io.github.dfrost90.air-alert (redirect page)
  + /plugins/lucasjr76.workspace-icons/ -> https://plugins.omarchy.org/plugin.html?id=lucasjr76.workspace-icons (redirect page)
  + /plugins/coding-sparrow.systempulse/ -> https://plugins.omarchy.org/plugin.html?id=coding-sparrow.systempulse (redirect page)
  + /plugins/nerdyworm.easyeffects-presets/ -> https://plugins.omarchy.org/plugin.html?id=nerdyworm.easyeffects-presets (redirect page)
  + /plugins/io.github.majesticio.voxtype-pulse/ -> https://plugins.omarchy.org/plugin.html?id=io.github.majesticio.voxtype-pulse (redirect page)
  + /plugins/jobo.omatype/ -> https://plugins.omarchy.org/plugin.html?id=jobo.omatype (redirect page)
  + /plugins/io.github.matyifkbt.omarchy-steamguard/ -> https://plugins.omarchy.org/plugin.html?id=io.github.matyifkbt.omarchy-steamguard (redirect page)
  + /plugins/tobiasz-p.vision-hub/ -> https://plugins.omarchy.org/plugin.html?id=tobiasz-p.vision-hub (redirect page)
  + /plugins/io.github.p145085.uptime-kuma/ -> https://plugins.omarchy.org/plugin.html?id=io.github.p145085.uptime-kuma (redirect page)
  + /plugins/io.github.paulpitchford.garmin-insights/ -> https://plugins.omarchy.org/plugin.html?id=io.github.paulpitchford.garmin-insights (redirect page)
  + /plugins/mohpydev.downlodarchy/ -> https://plugins.omarchy.org/plugin.html?id=mohpydev.downlodarchy (redirect page)
  + /plugins/iuliansafta.apple-music/ -> https://plugins.omarchy.org/plugin.html?id=iuliansafta.apple-music (redirect page)
  + /plugins/spacexrace.formula1-calendar/ -> https://plugins.omarchy.org/plugin.html?id=spacexrace.formula1-calendar (redirect page)
  + /plugins/io.github.josephbriones.live-captions/ -> https://plugins.omarchy.org/plugin.html?id=io.github.josephbriones.live-captions (redirect page)
  + /plugins/io.github.josephbriones.clearread/ -> https://plugins.omarchy.org/plugin.html?id=io.github.josephbriones.clearread (redirect page)
  + /plugins/io.github.jcarcinogen.rice-bar/ -> https://plugins.omarchy.org/plugin.html?id=io.github.jcarcinogen.rice-bar (redirect page)
  + /plugins/io.github.pjgeutjens.omaplex/ -> https://plugins.omarchy.org/plugin.html?id=io.github.pjgeutjens.omaplex (redirect page)
  + /plugins/flathack.otp/ -> https://plugins.omarchy.org/plugin.html?id=flathack.otp (redirect page)
  + /plugins/akdubey707.docker-links/ -> https://plugins.omarchy.org/plugin.html?id=akdubey707.docker-links (redirect page)
  + /plugins/io.github.idr4n.clipboard-plus/ -> https://plugins.omarchy.org/plugin.html?id=io.github.idr4n.clipboard-plus (redirect page)
  + /plugins/rtome85.audio-plus/ -> https://plugins.omarchy.org/plugin.html?id=rtome85.audio-plus (redirect page)
  + /plugins/io.github.mtolhuys.disk-lens/ -> https://plugins.omarchy.org/plugin.html?id=io.github.mtolhuys.disk-lens (redirect page)
  + /plugins/gladimdim.today-reminders/ -> https://plugins.omarchy.org/plugin.html?id=gladimdim.today-reminders (redirect page)
  + /plugins/io.github.andreireanu.minimal-monitor/ -> https://plugins.omarchy.org/plugin.html?id=io.github.andreireanu.minimal-monitor (redirect page)
  + /plugins/io.github.majkelll.omarchy-docker/ -> https://plugins.omarchy.org/plugin.html?id=io.github.majkelll.omarchy-docker (redirect page)
  + /plugins/wkuehler.amateur-exam-quiz/ -> https://plugins.omarchy.org/plugin.html?id=wkuehler.amateur-exam-quiz (redirect page)
  + /plugins/io.github.cyprusad.omakeez/ -> https://plugins.omarchy.org/plugin.html?id=io.github.cyprusad.omakeez (redirect page)
  + /plugins/shilai_li.eye-break/ -> https://plugins.omarchy.org/plugin.html?id=shilai_li.eye-break (redirect page)
  + /plugins/anttiak.lofeline/ -> https://plugins.omarchy.org/plugin.html?id=anttiak.lofeline (redirect page)
  + /plugins/jankeesvw.downloads/ -> https://plugins.omarchy.org/plugin.html?id=jankeesvw.downloads (redirect page)
  + /plugins/io.github.nerddotdad.tamomarchy/ -> https://plugins.omarchy.org/plugin.html?id=io.github.nerddotdad.tamomarchy (redirect page)
  + /plugins/io.github.pooriaarab.content-rabbit/ -> https://plugins.omarchy.org/plugin.html?id=io.github.pooriaarab.content-rabbit (redirect page)
  + /plugins/austrasien.workspaces/ -> https://plugins.omarchy.org/plugin.html?id=austrasien.workspaces (redirect page)
  + /plugins/eduardodallecort.roost/ -> https://plugins.omarchy.org/plugin.html?id=eduardodallecort.roost (redirect page)
  + /plugins/io.github.rubenmeza.ports/ -> https://plugins.omarchy.org/plugin.html?id=io.github.rubenmeza.ports (redirect page)
  + /plugins/io.github.warfollowsme.pixel-player/ -> https://plugins.omarchy.org/plugin.html?id=io.github.warfollowsme.pixel-player (redirect page)
  + /plugins/jose.windowsplease/ -> https://plugins.omarchy.org/plugin.html?id=jose.windowsplease (redirect page)
  + /plugins/njpatel.omaherdr/ -> https://plugins.omarchy.org/plugin.html?id=njpatel.omaherdr (redirect page)
  + /plugins/lab81io.monday/ -> https://plugins.omarchy.org/plugin.html?id=lab81io.monday (redirect page)
  + /plugins/pablohc.audio-plus/ -> https://plugins.omarchy.org/plugin.html?id=pablohc.audio-plus (redirect page)
  + /plugins/io.github.linuts.desktop-icons/ -> https://plugins.omarchy.org/plugin.html?id=io.github.linuts.desktop-icons (redirect page)
  + /plugins/mscurtescu.island-bar/ -> https://plugins.omarchy.org/plugin.html?id=mscurtescu.island-bar (redirect page)
  + /plugins/velibor1013.bluetooth-quick-connect/ -> https://plugins.omarchy.org/plugin.html?id=velibor1013.bluetooth-quick-connect (redirect page)
  + /plugins/io.github.data-goblin.omgato/ -> https://plugins.omarchy.org/plugin.html?id=io.github.data-goblin.omgato (redirect page)
  + /plugins/io.github.jondkinney.bazecor-lens/ -> https://plugins.omarchy.org/plugin.html?id=io.github.jondkinney.bazecor-lens (redirect page)
  + /plugins/io.github.jondkinney.hyprcorrect/ -> https://plugins.omarchy.org/plugin.html?id=io.github.jondkinney.hyprcorrect (redirect page)
  + /plugins/paisen.japanese-ime/ -> https://plugins.omarchy.org/plugin.html?id=paisen.japanese-ime (redirect page)
  + /plugins/cschaba.omaipsum/ -> https://plugins.omarchy.org/plugin.html?id=cschaba.omaipsum (redirect page)
  + /plugins/io.github.mtolhuys.sidecar/ -> https://plugins.omarchy.org/plugin.html?id=io.github.mtolhuys.sidecar (redirect page)
  + /plugins/spicybackend.bongo-cat/ -> https://plugins.omarchy.org/plugin.html?id=spicybackend.bongo-cat (redirect page)
  + /plugins/io.github.comm4nd0.youtube-floater/ -> https://plugins.omarchy.org/plugin.html?id=io.github.comm4nd0.youtube-floater (redirect page)
  + /plugins/khephri.sia/ -> https://plugins.omarchy.org/plugin.html?id=khephri.sia (redirect page)
  + /plugins/io.github.tcballard.premonition/ -> https://plugins.omarchy.org/plugin.html?id=io.github.tcballard.premonition (redirect page)
  + /plugins/selmant.local-workspaces/ -> https://plugins.omarchy.org/plugin.html?id=selmant.local-workspaces (redirect page)
  + /plugins/joao.kbd-backlight/ -> https://plugins.omarchy.org/plugin.html?id=joao.kbd-backlight (redirect page)
  + /plugins/ninepointlabs.hey-calendar/ -> https://plugins.omarchy.org/plugin.html?id=ninepointlabs.hey-calendar (redirect page)
  + /plugins/chaz.bar-autohide/ -> https://plugins.omarchy.org/plugin.html?id=chaz.bar-autohide (redirect page)
  + /plugins/io.github.jzuijlek.omarchybuds/ -> https://plugins.omarchy.org/plugin.html?id=io.github.jzuijlek.omarchybuds (redirect page)
  + /plugins/io.github.ramous19.copilot-companion/ -> https://plugins.omarchy.org/plugin.html?id=io.github.ramous19.copilot-companion (redirect page)
  + /plugins/pmpinto.any-workspace/ -> https://plugins.omarchy.org/plugin.html?id=pmpinto.any-workspace (redirect page)
  + /plugins/remi.reload/ -> https://plugins.omarchy.org/plugin.html?id=remi.reload (redirect page)
  + /plugins/slatermoore.pixel-whale/ -> https://plugins.omarchy.org/plugin.html?id=slatermoore.pixel-whale (redirect page)
  + /plugins/io.github.smatheusblu.handwriting/ -> https://plugins.omarchy.org/plugin.html?id=io.github.smatheusblu.handwriting (redirect page)
  + /plugins/oliverlukschander.vi-mode/ -> https://plugins.omarchy.org/plugin.html?id=oliverlukschander.vi-mode (redirect page)
  + /plugins/max.piano/ -> https://plugins.omarchy.org/plugin.html?id=max.piano (redirect page)
  + /plugins/io.github.expri-commits.anki-theme/ -> https://plugins.omarchy.org/plugin.html?id=io.github.expri-commits.anki-theme (redirect page)
  + /plugins/io.github.ollieedgeley.cliamp-visualiser/ -> https://plugins.omarchy.org/plugin.html?id=io.github.ollieedgeley.cliamp-visualiser (redirect page)
  + /plugins/io.github.joeyvigil.taskbar/ -> https://plugins.omarchy.org/plugin.html?id=io.github.joeyvigil.taskbar (redirect page)
  + /plugins/ogibon.homelab/ -> https://plugins.omarchy.org/plugin.html?id=ogibon.homelab (redirect page)
  + /plugins/jampick.ferries/ -> https://plugins.omarchy.org/plugin.html?id=jampick.ferries (redirect page)
  + /plugins/com.buceylabs.orderup/ -> https://plugins.omarchy.org/plugin.html?id=com.buceylabs.orderup (redirect page)
  + /plugins/io.github.selfcrypto.power-saving/ -> https://plugins.omarchy.org/plugin.html?id=io.github.selfcrypto.power-saving (redirect page)
  + /plugins/wg-omarchy/ -> https://plugins.omarchy.org/plugin.html?id=wg-omarchy (redirect page)
  + /plugins/ronald.input-sources/ -> https://plugins.omarchy.org/plugin.html?id=ronald.input-sources (redirect page)
  + /plugins/io.github.linuxg33k76.hey-im-gaming-here/ -> https://plugins.omarchy.org/plugin.html?id=io.github.linuxg33k76.hey-im-gaming-here (redirect page)
  + /plugins/sanjayd.package-bridge/ -> https://plugins.omarchy.org/plugin.html?id=sanjayd.package-bridge (redirect page)
  + /plugins/io.github.0x1ocean.omatrix/ -> https://plugins.omarchy.org/plugin.html?id=io.github.0x1ocean.omatrix (redirect page)
  + /plugins/leomoon-studios.omarchy-screencast-keys/ -> https://plugins.omarchy.org/plugin.html?id=leomoon-studios.omarchy-screencast-keys (redirect page)
  + /plugins/io.github.hopelezz.omajelly/ -> https://plugins.omarchy.org/plugin.html?id=io.github.hopelezz.omajelly (redirect page)
  + /plugins/io.github.depodra.omarchy-immich-background/ -> https://plugins.omarchy.org/plugin.html?id=io.github.depodra.omarchy-immich-background (redirect page)
  + /plugins/io.github.lebolide.magic-mouse-battery/ -> https://plugins.omarchy.org/plugin.html?id=io.github.lebolide.magic-mouse-battery (redirect page)
  + /plugins/acrogenesis.ai-account-switcher/ -> https://plugins.omarchy.org/plugin.html?id=acrogenesis.ai-account-switcher (redirect page)
  + /plugins/dailen.omarcharium/ -> https://plugins.omarchy.org/plugin.html?id=dailen.omarcharium (redirect page)
  + /plugins/ys770.clock/ -> https://plugins.omarchy.org/plugin.html?id=ys770.clock (redirect page)
  + /plugins/io.github.aryan-techie.clock/ -> https://plugins.omarchy.org/plugin.html?id=io.github.aryan-techie.clock (redirect page)
  + /plugins/io.github.zuccs.bom-weather/ -> https://plugins.omarchy.org/plugin.html?id=io.github.zuccs.bom-weather (redirect page)
  + /plugins/io.github.aryan-techie.battery/ -> https://plugins.omarchy.org/plugin.html?id=io.github.aryan-techie.battery (redirect page)
  + /plugins/jellyfrog.esheep/ -> https://plugins.omarchy.org/plugin.html?id=jellyfrog.esheep (redirect page)
  + /plugins/io.github.mtolhuys.news-radar/ -> https://plugins.omarchy.org/plugin.html?id=io.github.mtolhuys.news-radar (redirect page)
  + /plugins/ianswope.homebridge/ -> https://plugins.omarchy.org/plugin.html?id=ianswope.homebridge (redirect page)
  + /plugins/com.columbiafoundry.loderunner/ -> https://plugins.omarchy.org/plugin.html?id=com.columbiafoundry.loderunner (redirect page)
  + /plugins/io.github.rodrix2000.reolink-cameras/ -> https://plugins.omarchy.org/plugin.html?id=io.github.rodrix2000.reolink-cameras (redirect page)
  + /plugins/io.github.rdoupe.pixelbuds/ -> https://plugins.omarchy.org/plugin.html?id=io.github.rdoupe.pixelbuds (redirect page)
  + /plugins/io.github.kszx11.apphider/ -> https://plugins.omarchy.org/plugin.html?id=io.github.kszx11.apphider (redirect page)
  + /plugins/io.zet.todo-list/ -> https://plugins.omarchy.org/plugin.html?id=io.zet.todo-list (redirect page)
  + /plugins/micahele.donotify/ -> https://plugins.omarchy.org/plugin.html?id=micahele.donotify (redirect page)
  + /plugins/lifetime.time-visualizer/ -> https://plugins.omarchy.org/plugin.html?id=lifetime.time-visualizer (redirect page)
  + /plugins/io.github.deca.from-time-to-time/ -> https://plugins.omarchy.org/plugin.html?id=io.github.deca.from-time-to-time (redirect page)
  + /plugins/rblalock.omarchy-island/ -> https://plugins.omarchy.org/plugin.html?id=rblalock.omarchy-island (redirect page)
  + /plugins/ecylmz.omarchy-tunnel/ -> https://plugins.omarchy.org/plugin.html?id=ecylmz.omarchy-tunnel (redirect page)
  + /plugins/io.github.renerocksai.omajop/ -> https://plugins.omarchy.org/plugin.html?id=io.github.renerocksai.omajop (redirect page)
  + /plugins/bralyx.t3code/ -> https://plugins.omarchy.org/plugin.html?id=bralyx.t3code (redirect page)
  + /plugins/io.github.kszx11.adventure/ -> https://plugins.omarchy.org/plugin.html?id=io.github.kszx11.adventure (redirect page)
  + /plugins/jankeesvw.github-build-monitor/ -> https://plugins.omarchy.org/plugin.html?id=jankeesvw.github-build-monitor (redirect page)
  + /plugins/io.github.dbgoodm.screenshotx/ -> https://plugins.omarchy.org/plugin.html?id=io.github.dbgoodm.screenshotx (redirect page)
  + /plugins/cjkaufman.google-tasks/ -> https://plugins.omarchy.org/plugin.html?id=cjkaufman.google-tasks (redirect page)
  + /plugins/io.github.sunoxen-lab.jott/ -> https://plugins.omarchy.org/plugin.html?id=io.github.sunoxen-lab.jott (redirect page)
  + /plugins/pynetreedev.workspace-order/ -> https://plugins.omarchy.org/plugin.html?id=pynetreedev.workspace-order (redirect page)
  + /plugins/io.github.wbuf81.idle-screencounter/ -> https://plugins.omarchy.org/plugin.html?id=io.github.wbuf81.idle-screencounter (redirect page)
  + /plugins/samon97.bongocat/ -> https://plugins.omarchy.org/plugin.html?id=samon97.bongocat (redirect page)
  + /plugins/tonyhuynh.flappy-bot/ -> https://plugins.omarchy.org/plugin.html?id=tonyhuynh.flappy-bot (redirect page)
  + /plugins/io.github.limbdarkening.softether/ -> https://plugins.omarchy.org/plugin.html?id=io.github.limbdarkening.softether (redirect page)
  + /plugins/roubilibo.workspace-navigator/ -> https://plugins.omarchy.org/plugin.html?id=roubilibo.workspace-navigator (redirect page)
  + /plugins/io.github.ejames-dev.honcho/ -> https://plugins.omarchy.org/plugin.html?id=io.github.ejames-dev.honcho (redirect page)
  + /plugins/io.github.idr4n.bookmarks/ -> https://plugins.omarchy.org/plugin.html?id=io.github.idr4n.bookmarks (redirect page)
  + /plugins/io.github.falser101.window-preview/ -> https://plugins.omarchy.org/plugin.html?id=io.github.falser101.window-preview (redirect page)
  + /plugins/io.github.guiestrela.weather/ -> https://plugins.omarchy.org/plugin.html?id=io.github.guiestrela.weather (redirect page)
  + /plugins/mark.clippy/ -> https://plugins.omarchy.org/plugin.html?id=mark.clippy (redirect page)
  + /plugins/tony.omatabs/ -> https://plugins.omarchy.org/plugin.html?id=tony.omatabs (redirect page)
  + /plugins/tiho.omagai/ -> https://plugins.omarchy.org/plugin.html?id=tiho.omagai (redirect page)
  + /plugins/io.github.tbraxa.orderbell/ -> https://plugins.omarchy.org/plugin.html?id=io.github.tbraxa.orderbell (redirect page)
  + /plugins/raavail.islands-bar/ -> https://plugins.omarchy.org/plugin.html?id=raavail.islands-bar (redirect page)
  + /plugins/jacob.npu/ -> https://plugins.omarchy.org/plugin.html?id=jacob.npu (redirect page)
  + /plugins/raiden-meixelysia.omarchy-pets/ -> https://plugins.omarchy.org/plugin.html?id=raiden-meixelysia.omarchy-pets (redirect page)
  + /plugins/izeesoft.portal-doctor/ -> https://plugins.omarchy.org/plugin.html?id=izeesoft.portal-doctor (redirect page)
  + /plugins/izeesoft.plugin-pulse/ -> https://plugins.omarchy.org/plugin.html?id=izeesoft.plugin-pulse (redirect page)
  + /plugins/izeesoft.env-bridge/ -> https://plugins.omarchy.org/plugin.html?id=izeesoft.env-bridge (redirect page)
  + /plugins/izeesoft.storage-horizon/ -> https://plugins.omarchy.org/plugin.html?id=izeesoft.storage-horizon (redirect page)
  + /plugins/izeesoft.boot-trace/ -> https://plugins.omarchy.org/plugin.html?id=izeesoft.boot-trace (redirect page)
  + /plugins/izeesoft.layer-atlas/ -> https://plugins.omarchy.org/plugin.html?id=izeesoft.layer-atlas (redirect page)
  + /plugins/cider.bar/ -> https://plugins.omarchy.org/plugin.html?id=cider.bar (redirect page)
  + /plugins/dansmith888.gpu/ -> https://plugins.omarchy.org/plugin.html?id=dansmith888.gpu (redirect page)
  + /plugins/dansmith888.cpu/ -> https://plugins.omarchy.org/plugin.html?id=dansmith888.cpu (redirect page)
  + /plugins/izeesoft.config-prism/ -> https://plugins.omarchy.org/plugin.html?id=izeesoft.config-prism (redirect page)
  + /plugins/io.github.jccl1706.localsend/ -> https://plugins.omarchy.org/plugin.html?id=io.github.jccl1706.localsend (redirect page)
  + /plugins/io.github.tomfaulkner.lotus/ -> https://plugins.omarchy.org/plugin.html?id=io.github.tomfaulkner.lotus (redirect page)
  + /plugins/calmasacow.wayvnc/ -> https://plugins.omarchy.org/plugin.html?id=calmasacow.wayvnc (redirect page)
  + /plugins/com.goalwatch/ -> https://plugins.omarchy.org/plugin.html?id=com.goalwatch (redirect page)
  + /plugins/awkent01.touchpad/ -> https://plugins.omarchy.org/plugin.html?id=awkent01.touchpad (redirect page)
  + /plugins/calmasacow.openrouter-usage-plus/ -> https://plugins.omarchy.org/plugin.html?id=calmasacow.openrouter-usage-plus (redirect page)
  + /plugins/bible/ -> https://plugins.omarchy.org/plugin.html?id=bible (redirect page)
  + /plugins/io.github.joshz7.afterglow/ -> https://plugins.omarchy.org/plugin.html?id=io.github.joshz7.afterglow (redirect page)
  + /plugins/com.leafbox.metar/ -> https://plugins.omarchy.org/plugin.html?id=com.leafbox.metar (redirect page)
  + /plugins/dansmith888.momentum4/ -> https://plugins.omarchy.org/plugin.html?id=dansmith888.momentum4 (redirect page)
  + /plugins/io.github.iryzhkov.glide-workspaces/ -> https://plugins.omarchy.org/plugin.html?id=io.github.iryzhkov.glide-workspaces (redirect page)
  + /plugins/chyld.mise-radar/ -> https://plugins.omarchy.org/plugin.html?id=chyld.mise-radar (redirect page)
  + /plugins/dansmith888.synology-drive/ -> https://plugins.omarchy.org/plugin.html?id=dansmith888.synology-drive (redirect page)
  + /plugins/bitr0t.omarchy-mission-control/ -> https://plugins.omarchy.org/plugin.html?id=bitr0t.omarchy-mission-control (redirect page)
  + /plugins/pablopunk.workspace-overview/ -> https://plugins.omarchy.org/plugin.html?id=pablopunk.workspace-overview (redirect page)
  + /plugins/io.github.bhaveshsooka.omadoku/ -> https://plugins.omarchy.org/plugin.html?id=io.github.bhaveshsooka.omadoku (redirect page)
  + /plugins/io.github.stoogs.chordpumper-promarchy/ -> https://plugins.omarchy.org/plugin.html?id=io.github.stoogs.chordpumper-promarchy (redirect page)
  + /plugins/io.github.anishfn.omara/ -> https://plugins.omarchy.org/plugin.html?id=io.github.anishfn.omara (redirect page)
  + /plugins/io.github.milofax.keylights/ -> https://plugins.omarchy.org/plugin.html?id=io.github.milofax.keylights (redirect page)
  + /plugins/syaifulmain.emptygap/ -> https://plugins.omarchy.org/plugin.html?id=syaifulmain.emptygap (redirect page)
  + /plugins/celestune-bar/ -> https://plugins.omarchy.org/plugin.html?id=celestune-bar (redirect page)
  + /plugins/io.github.whelanh.repo-watcher/ -> https://plugins.omarchy.org/plugin.html?id=io.github.whelanh.repo-watcher (redirect page)
  + /plugins/io.github.iryzhkov.nebula/ -> https://plugins.omarchy.org/plugin.html?id=io.github.iryzhkov.nebula (redirect page)
  + /plugins/io.github.tcballard.localwrap/ -> https://plugins.omarchy.org/plugin.html?id=io.github.tcballard.localwrap (redirect page)
  + /plugins/gladimdim.config-sync/ -> https://plugins.omarchy.org/plugin.html?id=gladimdim.config-sync (redirect page)
  + /plugins/io.github.ierror.menuvitals/ -> https://plugins.omarchy.org/plugin.html?id=io.github.ierror.menuvitals (redirect page)
  + /plugins/io.github.regionallyfamous.one-bit-bureau/ -> https://plugins.omarchy.org/plugin.html?id=io.github.regionallyfamous.one-bit-bureau (redirect page)
  + /plugins/io.github.labrat-0.omasift/ -> https://plugins.omarchy.org/plugin.html?id=io.github.labrat-0.omasift (redirect page)
  + /plugins/io.github.timothygwright.omarchy-board/ -> https://plugins.omarchy.org/plugin.html?id=io.github.timothygwright.omarchy-board (redirect page)
  + /plugins/ivanskodje.animated-backgrounds/ -> https://plugins.omarchy.org/plugin.html?id=ivanskodje.animated-backgrounds (redirect page)
  + /plugins/metar-taf/ -> https://plugins.omarchy.org/plugin.html?id=metar-taf (redirect page)
  + /plugins/robertlindomar.omarchy-ptbr.polkit/ -> https://plugins.omarchy.org/plugin.html?id=robertlindomar.omarchy-ptbr.polkit (redirect page)
  + /plugins/robertlindomar.omarchy-ptbr.weather/ -> https://plugins.omarchy.org/plugin.html?id=robertlindomar.omarchy-ptbr.weather (redirect page)
  + /plugins/robertlindomar.omarchy-ptbr.agents/ -> https://plugins.omarchy.org/plugin.html?id=robertlindomar.omarchy-ptbr.agents (redirect page)
  + /plugins/luneth90.keycade/ -> https://plugins.omarchy.org/plugin.html?id=luneth90.keycade (redirect page)
  + /plugins/io.github.labrat-0.omaglass/ -> https://plugins.omarchy.org/plugin.html?id=io.github.labrat-0.omaglass (redirect page)
  + /plugins/io.github.abhishek-1804.drift-detector/ -> https://plugins.omarchy.org/plugin.html?id=io.github.abhishek-1804.drift-detector (redirect page)
  + /plugins/io.github.calebhat.workscape/ -> https://plugins.omarchy.org/plugin.html?id=io.github.calebhat.workscape (redirect page)
  + /plugins/monsonjeremy.omachess/ -> https://plugins.omarchy.org/plugin.html?id=monsonjeremy.omachess (redirect page)
  + /plugins/io.github.mantisdotdev.jotdown/ -> https://plugins.omarchy.org/plugin.html?id=io.github.mantisdotdev.jotdown (redirect page)
  + /plugins/reomarchy.workspace-switcher/ -> https://plugins.omarchy.org/plugin.html?id=reomarchy.workspace-switcher (redirect page)
  + /plugins/gtiscoski.qr-tools/ -> https://plugins.omarchy.org/plugin.html?id=gtiscoski.qr-tools (redirect page)
  + /plugins/swheel33.tailbridge/ -> https://plugins.omarchy.org/plugin.html?id=swheel33.tailbridge (redirect page)
  + /plugins/io.github.giuliano-sn.command-pulse/ -> https://plugins.omarchy.org/plugin.html?id=io.github.giuliano-sn.command-pulse (redirect page)
  + /plugins/pinroutes/ -> https://plugins.omarchy.org/plugin.html?id=pinroutes (redirect page)
  + /plugins/illegalstudio.omarchy-firewall/ -> https://plugins.omarchy.org/plugin.html?id=illegalstudio.omarchy-firewall (redirect page)
  + /plugins/io.github.rma131.borealis-atlas/ -> https://plugins.omarchy.org/plugin.html?id=io.github.rma131.borealis-atlas (redirect page)
  + /plugins/io.github.erikburdett.wavebar/ -> https://plugins.omarchy.org/plugin.html?id=io.github.erikburdett.wavebar (redirect page)
  + /plugins/robertlindomar.omarchy-ptbr.clock/ -> https://plugins.omarchy.org/plugin.html?id=robertlindomar.omarchy-ptbr.clock (redirect page)
  + /plugins/com.leafbox.hamradio/ -> https://plugins.omarchy.org/plugin.html?id=com.leafbox.hamradio (redirect page)
  + /plugins/zeru.portwatch/ -> https://plugins.omarchy.org/plugin.html?id=zeru.portwatch (redirect page)
  + /plugins/robertlindomar.omarchy-ptbr.lock/ -> https://plugins.omarchy.org/plugin.html?id=robertlindomar.omarchy-ptbr.lock (redirect page)
  + /plugins/io.github.respira-crece-lidera.archy/ -> https://plugins.omarchy.org/plugin.html?id=io.github.respira-crece-lidera.archy (redirect page)
  + /plugins/dc.q/ -> https://plugins.omarchy.org/plugin.html?id=dc.q (redirect page)
  + /plugins/io.github.gustavohariel.singbox/ -> https://plugins.omarchy.org/plugin.html?id=io.github.gustavohariel.singbox (redirect page)
  + /plugins/io.github.polidog.windowmap/ -> https://plugins.omarchy.org/plugin.html?id=io.github.polidog.windowmap (redirect page)
  + /plugins/kairos.theme-forge/ -> https://plugins.omarchy.org/plugin.html?id=kairos.theme-forge (redirect page)
  + /plugins/anothadev.omachord/ -> https://plugins.omarchy.org/plugin.html?id=anothadev.omachord (redirect page)
  + /plugins/robertlindomar.omarchy-ptbr.audio/ -> https://plugins.omarchy.org/plugin.html?id=robertlindomar.omarchy-ptbr.audio (redirect page)
  + /plugins/robertlindomar.omarchy-ptbr.bluetooth/ -> https://plugins.omarchy.org/plugin.html?id=robertlindomar.omarchy-ptbr.bluetooth (redirect page)
  + /plugins/robertlindomar.omarchy-ptbr.disk-speedtest/ -> https://plugins.omarchy.org/plugin.html?id=robertlindomar.omarchy-ptbr.disk-speedtest (redirect page)
  + /plugins/robertlindomar.omarchy-ptbr.power/ -> https://plugins.omarchy.org/plugin.html?id=robertlindomar.omarchy-ptbr.power (redirect page)
  + /plugins/robertlindomar.omarchy-ptbr.menu/ -> https://plugins.omarchy.org/plugin.html?id=robertlindomar.omarchy-ptbr.menu (redirect page)
  + /plugins/robertlindomar.omarchy-ptbr.indicators/ -> https://plugins.omarchy.org/plugin.html?id=robertlindomar.omarchy-ptbr.indicators (redirect page)
  + /plugins/robertlindomar.omarchy-ptbr.network/ -> https://plugins.omarchy.org/plugin.html?id=robertlindomar.omarchy-ptbr.network (redirect page)
  + /plugins/robertlindomar.omarchy-ptbr.notifications/ -> https://plugins.omarchy.org/plugin.html?id=robertlindomar.omarchy-ptbr.notifications (redirect page)
  + /plugins/io.github.imryiuk.workspace-profiles/ -> https://plugins.omarchy.org/plugin.html?id=io.github.imryiuk.workspace-profiles (redirect page)
  + /plugins/io.github.taisau.bottom-launcher/ -> https://plugins.omarchy.org/plugin.html?id=io.github.taisau.bottom-launcher (redirect page)
  + /plugins/leoom.aliases/ -> https://plugins.omarchy.org/plugin.html?id=leoom.aliases (redirect page)
  + /plugins/albertojb.hwmonitor/ -> https://plugins.omarchy.org/plugin.html?id=albertojb.hwmonitor (redirect page)
  + /plugins/dimdoremy.omaflameshot/ -> https://plugins.omarchy.org/plugin.html?id=dimdoremy.omaflameshot (redirect page)
  + /plugins/io.github.oxyplay.cellmate/ -> https://plugins.omarchy.org/plugin.html?id=io.github.oxyplay.cellmate (redirect page)
  + /plugins/io.github.hanssound.bar-hints/ -> https://plugins.omarchy.org/plugin.html?id=io.github.hanssound.bar-hints (redirect page)
  + /plugins/io.github.majesticio.blacklight/ -> https://plugins.omarchy.org/plugin.html?id=io.github.majesticio.blacklight (redirect page)
  + /plugins/hzerrad.bottleneck/ -> https://plugins.omarchy.org/plugin.html?id=hzerrad.bottleneck (redirect page)
  + /plugins/io.github.jakeelamb.omarchy-life/ -> https://plugins.omarchy.org/plugin.html?id=io.github.jakeelamb.omarchy-life (redirect page)
  + /plugins/io.github.camilolunacom.restreminder/ -> https://plugins.omarchy.org/plugin.html?id=io.github.camilolunacom.restreminder (redirect page)
  + /plugins/r3dbars.omatab/ -> https://plugins.omarchy.org/plugin.html?id=r3dbars.omatab (redirect page)
  + /plugins/io.github.vprenner.monitor-workspaces/ -> https://plugins.omarchy.org/plugin.html?id=io.github.vprenner.monitor-workspaces (redirect page)
  + /plugins/io.github.majesticio.cinder-rot/ -> https://plugins.omarchy.org/plugin.html?id=io.github.majesticio.cinder-rot (redirect page)
  + /plugins/smartalb.roma-workspaces/ -> https://plugins.omarchy.org/plugin.html?id=smartalb.roma-workspaces (redirect page)
  + /plugins/ricardosuman.menu-calc/ -> https://plugins.omarchy.org/plugin.html?id=ricardosuman.menu-calc (redirect page)
  + /plugins/io.github.ejuro.blow-off-some-steam/ -> https://plugins.omarchy.org/plugin.html?id=io.github.ejuro.blow-off-some-steam (redirect page)
  + /plugins/com.leafbox.neonvolley/ -> https://plugins.omarchy.org/plugin.html?id=com.leafbox.neonvolley (redirect page)
  + /plugins/com.leafbox.neonpinball/ -> https://plugins.omarchy.org/plugin.html?id=com.leafbox.neonpinball (redirect page)
  + /plugins/com.leafbox.neonbubble/ -> https://plugins.omarchy.org/plugin.html?id=com.leafbox.neonbubble (redirect page)
  + /plugins/io.github.elgevan.binaural-focus/ -> https://plugins.omarchy.org/plugin.html?id=io.github.elgevan.binaural-focus (redirect page)
  + /plugins/io.github.edgeiq-labs.omarchy-pacman-workspaces/ -> https://plugins.omarchy.org/plugin.html?id=io.github.edgeiq-labs.omarchy-pacman-workspaces (redirect page)
  + /plugins/io.github.jordanneenan.simple-power-menu/ -> https://plugins.omarchy.org/plugin.html?id=io.github.jordanneenan.simple-power-menu (redirect page)
  + /plugins/pretty.omadeck/ -> https://plugins.omarchy.org/plugin.html?id=pretty.omadeck (redirect page)
  + /plugins/jharrison.sysmonitor/ -> https://plugins.omarchy.org/plugin.html?id=jharrison.sysmonitor (redirect page)
  + /plugins/io.github.erikburdett.rollingshot/ -> https://plugins.omarchy.org/plugin.html?id=io.github.erikburdett.rollingshot (redirect page)
  + /plugins/io.github.niraj-envision.mac-keybindings/ -> https://plugins.omarchy.org/plugin.html?id=io.github.niraj-envision.mac-keybindings (redirect page)
  + /plugins/io.github.steveclarke.screenpush/ -> https://plugins.omarchy.org/plugin.html?id=io.github.steveclarke.screenpush (redirect page)
  + /plugins/smartalb.roma/ -> https://plugins.omarchy.org/plugin.html?id=smartalb.roma (redirect page)
  + /plugins/wkuehler.restic-monitor/ -> https://plugins.omarchy.org/plugin.html?id=wkuehler.restic-monitor (redirect page)
  + /plugins/io.github.camerontucker.anker-c200/ -> https://plugins.omarchy.org/plugin.html?id=io.github.camerontucker.anker-c200 (redirect page)
  + /plugins/hyprtile.equalize/ -> https://plugins.omarchy.org/plugin.html?id=hyprtile.equalize (redirect page)
  + /plugins/bert.pane/ -> https://plugins.omarchy.org/plugin.html?id=bert.pane (redirect page)
  + /plugins/io.github.kanthi.gati/ -> https://plugins.omarchy.org/plugin.html?id=io.github.kanthi.gati (redirect page)
  + /plugins/ashmortar.zmk/ -> https://plugins.omarchy.org/plugin.html?id=ashmortar.zmk (redirect page)
  + /plugins/io.github.iryzhkov.omadeck/ -> https://plugins.omarchy.org/plugin.html?id=io.github.iryzhkov.omadeck (redirect page)
  + /plugins/io.github.baranskyi.omavoice/ -> https://plugins.omarchy.org/plugin.html?id=io.github.baranskyi.omavoice (redirect page)
  + /plugins/io.github.mrai.omarch-panic/ -> https://plugins.omarchy.org/plugin.html?id=io.github.mrai.omarch-panic (redirect page)
  + /plugins/gustavo.notchbar/ -> https://plugins.omarchy.org/plugin.html?id=gustavo.notchbar (redirect page)
  + /plugins/synapsync.news-feed/ -> https://plugins.omarchy.org/plugin.html?id=synapsync.news-feed (redirect page)
  + /plugins/io.github.17xande.simple-sip/ -> https://plugins.omarchy.org/plugin.html?id=io.github.17xande.simple-sip (redirect page)
  + /plugins/proton.omarchy/ -> https://plugins.omarchy.org/plugin.html?id=proton.omarchy (redirect page)
  + /plugins/cschaba.omapass/ -> https://plugins.omarchy.org/plugin.html?id=cschaba.omapass (redirect page)
  + /plugins/io.github.grechman.dynamic-bar/ -> https://plugins.omarchy.org/plugin.html?id=io.github.grechman.dynamic-bar (redirect page)
  + /plugins/io.github.majesticio.desert-weather/ -> https://plugins.omarchy.org/plugin.html?id=io.github.majesticio.desert-weather (redirect page)
  + /plugins/io.github.majesticio.cliamped/ -> https://plugins.omarchy.org/plugin.html?id=io.github.majesticio.cliamped (redirect page)
  + /plugins/io.github.mdelgert.lan-mouse/ -> https://plugins.omarchy.org/plugin.html?id=io.github.mdelgert.lan-mouse (redirect page)
  + /plugins/io.github.bjarkimg.android-tv-remote/ -> https://plugins.omarchy.org/plugin.html?id=io.github.bjarkimg.android-tv-remote (redirect page)
  + /plugins/io.github.phuclh.themeflow/ -> https://plugins.omarchy.org/plugin.html?id=io.github.phuclh.themeflow (redirect page)
  + /plugins/palccod.omate/ -> https://plugins.omarchy.org/plugin.html?id=palccod.omate (redirect page)
  + /plugins/glorics.grok-bot/ -> https://plugins.omarchy.org/plugin.html?id=glorics.grok-bot (redirect page)
  + /plugins/io.github.hoornet.nives/ -> https://plugins.omarchy.org/plugin.html?id=io.github.hoornet.nives (redirect page)
  + /plugins/io.github.itsvoid-tv.rhythm-forge/ -> https://plugins.omarchy.org/plugin.html?id=io.github.itsvoid-tv.rhythm-forge (redirect page)
  + /plugins/io.github.boomdev.voxtype-meeting-transcriber/ -> https://plugins.omarchy.org/plugin.html?id=io.github.boomdev.voxtype-meeting-transcriber (redirect page)
  + /plugins/jot/ -> https://plugins.omarchy.org/plugin.html?id=jot (redirect page)
  + /plugins/community.codexbar/ -> https://plugins.omarchy.org/plugin.html?id=community.codexbar (redirect page)
  + /plugins/com.leafbox.f1/ -> https://plugins.omarchy.org/plugin.html?id=com.leafbox.f1 (redirect page)
  + /plugins/ryanyogan.blast/ -> https://plugins.omarchy.org/plugin.html?id=ryanyogan.blast (redirect page)
  + /plugins/rblalock.grid-wallpaper-picker/ -> https://plugins.omarchy.org/plugin.html?id=rblalock.grid-wallpaper-picker (redirect page)
  + /plugins/smartalb.autostart/ -> https://plugins.omarchy.org/plugin.html?id=smartalb.autostart (redirect page)
  + /plugins/io.github.flathack.omajd-remote/ -> https://plugins.omarchy.org/plugin.html?id=io.github.flathack.omajd-remote (redirect page)
  + /plugins/io.github.alvaroeds.hodl/ -> https://plugins.omarchy.org/plugin.html?id=io.github.alvaroeds.hodl (redirect page)
  + /plugins/io.github.valentin-briez-banuls.zulip-hub/ -> https://plugins.omarchy.org/plugin.html?id=io.github.valentin-briez-banuls.zulip-hub (redirect page)
  + /plugins/smartalb.opencode/ -> https://plugins.omarchy.org/plugin.html?id=smartalb.opencode (redirect page)
  + /plugins/mikebenner.netbird/ -> https://plugins.omarchy.org/plugin.html?id=mikebenner.netbird (redirect page)
  + /plugins/io.github.renerocksai.omapress/ -> https://plugins.omarchy.org/plugin.html?id=io.github.renerocksai.omapress (redirect page)
  + /plugins/limechain.web3/ -> https://plugins.omarchy.org/plugin.html?id=limechain.web3 (redirect page)
  + /plugins/io.github.iryzhkov.glide-menus/ -> https://plugins.omarchy.org/plugin.html?id=io.github.iryzhkov.glide-menus (redirect page)
  + /plugins/io.github.niraj-envision.football/ -> https://plugins.omarchy.org/plugin.html?id=io.github.niraj-envision.football (redirect page)
  + /plugins/tiho.omaglobe/ -> https://plugins.omarchy.org/plugin.html?id=tiho.omaglobe (redirect page)
  + /plugins/amesy.crunchyroll/ -> https://plugins.omarchy.org/plugin.html?id=amesy.crunchyroll (redirect page)
  + /plugins/shilai_li.recent-paths/ -> https://plugins.omarchy.org/plugin.html?id=shilai_li.recent-paths (redirect page)
  + /plugins/io.github.niraj-envision.fleet/ -> https://plugins.omarchy.org/plugin.html?id=io.github.niraj-envision.fleet (redirect page)
  + /plugins/shilai_li.ssh-manager/ -> https://plugins.omarchy.org/plugin.html?id=shilai_li.ssh-manager (redirect page)
  + /plugins/io.github.renerocksai.neomarchy/ -> https://plugins.omarchy.org/plugin.html?id=io.github.renerocksai.neomarchy (redirect page)
  + /plugins/io.github.anujraja.manchester-united/ -> https://plugins.omarchy.org/plugin.html?id=io.github.anujraja.manchester-united (redirect page)
  + /plugins/jankeesvw.meetings/ -> https://plugins.omarchy.org/plugin.html?id=jankeesvw.meetings (redirect page)
  + /plugins/io.github.florentdestremau.paraglidable/ -> https://plugins.omarchy.org/plugin.html?id=io.github.florentdestremau.paraglidable (redirect page)
  + /plugins/jankeesvw.stripe-mrr/ -> https://plugins.omarchy.org/plugin.html?id=jankeesvw.stripe-mrr (redirect page)
  + /plugins/io.github.anujraja.chatgpt-archive/ -> https://plugins.omarchy.org/plugin.html?id=io.github.anujraja.chatgpt-archive (redirect page)
  + /plugins/io.github.megabyte0x.key-promoter/ -> https://plugins.omarchy.org/plugin.html?id=io.github.megabyte0x.key-promoter (redirect page)
  + /plugins/io.github.eliasstravik.omarchy-news/ -> https://plugins.omarchy.org/plugin.html?id=io.github.eliasstravik.omarchy-news (redirect page)
  + /plugins/nugget210.oma-sleeper/ -> https://plugins.omarchy.org/plugin.html?id=nugget210.oma-sleeper (redirect page)
  + /plugins/bvisagie.omapihole/ -> https://plugins.omarchy.org/plugin.html?id=bvisagie.omapihole (redirect page)
  + /plugins/greensnow.omax/ -> https://plugins.omarchy.org/plugin.html?id=greensnow.omax (redirect page)
  + /plugins/io.github.docwatz.omarchyss/ -> https://plugins.omarchy.org/plugin.html?id=io.github.docwatz.omarchyss (redirect page)
  + /plugins/janrenz.omarchy.slack/ -> https://plugins.omarchy.org/plugin.html?id=janrenz.omarchy.slack (redirect page)
  + /plugins/hungmi.battery-session/ -> https://plugins.omarchy.org/plugin.html?id=hungmi.battery-session (redirect page)
  + /plugins/io.github.hangovers.omakill/ -> https://plugins.omarchy.org/plugin.html?id=io.github.hangovers.omakill (redirect page)
  + /plugins/io.github.idarius.homeassistant/ -> https://plugins.omarchy.org/plugin.html?id=io.github.idarius.homeassistant (redirect page)
  + /plugins/sanjyay.cursor-theme-manager/ -> https://plugins.omarchy.org/plugin.html?id=sanjyay.cursor-theme-manager (redirect page)
  + /plugins/io.github.goooooooooody.omarchy-pebble-index/ -> https://plugins.omarchy.org/plugin.html?id=io.github.goooooooooody.omarchy-pebble-index (redirect page)
  + /plugins/io.github.inxeo.plexamp-simple-player/ -> https://plugins.omarchy.org/plugin.html?id=io.github.inxeo.plexamp-simple-player (redirect page)
  + /plugins/antesmd.amneziawg/ -> https://plugins.omarchy.org/plugin.html?id=antesmd.amneziawg (redirect page)
  + /plugins/jmaeder.sweeztv/ -> https://plugins.omarchy.org/plugin.html?id=jmaeder.sweeztv (redirect page)
  + /plugins/brianboitano.omagoku/ -> https://plugins.omarchy.org/plugin.html?id=brianboitano.omagoku (redirect page)
  + /plugins/io.github.eaescob.mymind/ -> https://plugins.omarchy.org/plugin.html?id=io.github.eaescob.mymind (redirect page)
  + /plugins/io.github.aswenia.omacord/ -> https://plugins.omarchy.org/plugin.html?id=io.github.aswenia.omacord (redirect page)
  + /plugins/io.github.boraoku.ioscam/ -> https://plugins.omarchy.org/plugin.html?id=io.github.boraoku.ioscam (redirect page)
  + /plugins/io.github.mr-ridges.protondrive/ -> https://plugins.omarchy.org/plugin.html?id=io.github.mr-ridges.protondrive (redirect page)
  + /plugins/blr.frankenstein/ -> https://plugins.omarchy.org/plugin.html?id=blr.frankenstein (redirect page)
  + /plugins/io.github.andresariveros.omabose/ -> https://plugins.omarchy.org/plugin.html?id=io.github.andresariveros.omabose (redirect page)
  + /plugins/marco.omarchy-info/ -> https://plugins.omarchy.org/plugin.html?id=marco.omarchy-info (redirect page)
  + /plugins/io.github.closetheloop-dev.token-fish/ -> https://plugins.omarchy.org/plugin.html?id=io.github.closetheloop-dev.token-fish (redirect page)
  + /plugins/zakarch.storage/ -> https://plugins.omarchy.org/plugin.html?id=zakarch.storage (redirect page)
  + /plugins/vichu.gpu-monitor/ -> https://plugins.omarchy.org/plugin.html?id=vichu.gpu-monitor (redirect page)
  + /plugins/io.github.tcballard.omarchy-markets/ -> https://plugins.omarchy.org/plugin.html?id=io.github.tcballard.omarchy-markets (redirect page)
  + /plugins/omarchy-display/ -> https://plugins.omarchy.org/plugin.html?id=omarchy-display (redirect page)
  + /plugins/ca.orospakr.homekit/ -> https://plugins.omarchy.org/plugin.html?id=ca.orospakr.homekit (redirect page)
  + /plugins/io.github.fchtngr.background-display/ -> https://plugins.omarchy.org/plugin.html?id=io.github.fchtngr.background-display (redirect page)
  + /plugins/io.github.studioxvii.fantasy-feed/ -> https://plugins.omarchy.org/plugin.html?id=io.github.studioxvii.fantasy-feed (redirect page)
  + /plugins/io.github.iainfreestone.control-tower/ -> https://plugins.omarchy.org/plugin.html?id=io.github.iainfreestone.control-tower (redirect page)
  + /plugins/io.github.stefanomainardi.obsbot-center/ -> https://plugins.omarchy.org/plugin.html?id=io.github.stefanomainardi.obsbot-center (redirect page)
  + /plugins/nerosong.battery-alerts/ -> https://plugins.omarchy.org/plugin.html?id=nerosong.battery-alerts (redirect page)
  + /plugins/io.github.villenull.mimarchy/ -> https://plugins.omarchy.org/plugin.html?id=io.github.villenull.mimarchy (redirect page)
  + /plugins/themediastandard.drive-speedtest/ -> https://plugins.omarchy.org/plugin.html?id=themediastandard.drive-speedtest (redirect page)
  + /plugins/quick-notes/ -> https://plugins.omarchy.org/plugin.html?id=quick-notes (redirect page)
  + /plugins/glorics.proton-vpn/ -> https://plugins.omarchy.org/plugin.html?id=glorics.proton-vpn (redirect page)
  + /plugins/salted.crt/ -> https://plugins.omarchy.org/plugin.html?id=salted.crt (redirect page)
  + /plugins/io.github.17xhw.wti-oil-price/ -> https://plugins.omarchy.org/plugin.html?id=io.github.17xhw.wti-oil-price (redirect page)
  + /plugins/io.github.vichong.gorelo/ -> https://plugins.omarchy.org/plugin.html?id=io.github.vichong.gorelo (redirect page)
  + /plugins/io.github.rustyoz.power-idle/ -> https://plugins.omarchy.org/plugin.html?id=io.github.rustyoz.power-idle (redirect page)
  + /plugins/io.github.iryzhkov.omaperch/ -> https://plugins.omarchy.org/plugin.html?id=io.github.iryzhkov.omaperch (redirect page)
  + /plugins/io.github.quicknode.quicknode/ -> https://plugins.omarchy.org/plugin.html?id=io.github.quicknode.quicknode (redirect page)
  + /plugins/io.github.xadacka.razer-shortcuts/ -> https://plugins.omarchy.org/plugin.html?id=io.github.xadacka.razer-shortcuts (redirect page)
  + /plugins/sliekens.margin/ -> https://plugins.omarchy.org/plugin.html?id=sliekens.margin (redirect page)
  + /plugins/nathanp.game-awake/ -> https://plugins.omarchy.org/plugin.html?id=nathanp.game-awake (redirect page)
  + /plugins/io.github.proxy1967.logi-battery/ -> https://plugins.omarchy.org/plugin.html?id=io.github.proxy1967.logi-battery (redirect page)
  + /plugins/nahuelvara.windows-menu/ -> https://plugins.omarchy.org/plugin.html?id=nahuelvara.windows-menu (redirect page)
  + /plugins/com.leafbox.swell/ -> https://plugins.omarchy.org/plugin.html?id=com.leafbox.swell (redirect page)
  + /plugins/io.github.edgeiq-labs.omarchy-control-center/ -> https://plugins.omarchy.org/plugin.html?id=io.github.edgeiq-labs.omarchy-control-center (redirect page)
  + /plugins/ali.iweather/ -> https://plugins.omarchy.org/plugin.html?id=ali.iweather (redirect page)
  + /plugins/lukaseppler.idle-inhibit/ -> https://plugins.omarchy.org/plugin.html?id=lukaseppler.idle-inhibit (redirect page)
  + /plugins/lunardi0x01.hue-room-remote/ -> https://plugins.omarchy.org/plugin.html?id=lunardi0x01.hue-room-remote (redirect page)
  + /plugins/io.github.andeen171.g15/ -> https://plugins.omarchy.org/plugin.html?id=io.github.andeen171.g15 (redirect page)
  + /plugins/nihalebr.wellbeing/ -> https://plugins.omarchy.org/plugin.html?id=nihalebr.wellbeing (redirect page)
  + /plugins/dutchbase.monitor-arrange/ -> https://plugins.omarchy.org/plugin.html?id=dutchbase.monitor-arrange (redirect page)
  + /plugins/vex-system-monitor/ -> https://plugins.omarchy.org/plugin.html?id=vex-system-monitor (redirect page)
  + /plugins/io.github.cjgarcia1229.monitor-layout/ -> https://plugins.omarchy.org/plugin.html?id=io.github.cjgarcia1229.monitor-layout (redirect page)
  + /plugins/sanjyay.peekbar/ -> https://plugins.omarchy.org/plugin.html?id=sanjyay.peekbar (redirect page)
  + /plugins/io.github.dougfour.desktop-undo/ -> https://plugins.omarchy.org/plugin.html?id=io.github.dougfour.desktop-undo (redirect page)
  + /plugins/bitshaker.nextdns-omarchy/ -> https://plugins.omarchy.org/plugin.html?id=bitshaker.nextdns-omarchy (redirect page)
  + /plugins/io.github.phedoreanu.ram-speedtest/ -> https://plugins.omarchy.org/plugin.html?id=io.github.phedoreanu.ram-speedtest (redirect page)
  + /plugins/io.github.phuclh.typetone/ -> https://plugins.omarchy.org/plugin.html?id=io.github.phuclh.typetone (redirect page)
  + /plugins/felixzsh.widget-islands/ -> https://plugins.omarchy.org/plugin.html?id=felixzsh.widget-islands (redirect page)
  + /plugins/io.github.knivfjell.super-button/ -> https://plugins.omarchy.org/plugin.html?id=io.github.knivfjell.super-button (redirect page)
  + /plugins/io.github.williavs.theme-lights/ -> https://plugins.omarchy.org/plugin.html?id=io.github.williavs.theme-lights (redirect page)
  + /plugins/kdm.presets/ -> https://plugins.omarchy.org/plugin.html?id=kdm.presets (redirect page)
  + /plugins/nerdyviking.razer-blade/ -> https://plugins.omarchy.org/plugin.html?id=nerdyviking.razer-blade (redirect page)
  + /plugins/io.github.dataknox.keyboard-backlight/ -> https://plugins.omarchy.org/plugin.html?id=io.github.dataknox.keyboard-backlight (redirect page)
  + /plugins/nmorton.bitcoin/ -> https://plugins.omarchy.org/plugin.html?id=nmorton.bitcoin (redirect page)
  + /plugins/io.github.hopelezz.omabuds/ -> https://plugins.omarchy.org/plugin.html?id=io.github.hopelezz.omabuds (redirect page)
  + /plugins/k-kit.chrome-close-confirmation/ -> https://plugins.omarchy.org/plugin.html?id=k-kit.chrome-close-confirmation (redirect page)
  + /plugins/io.github.rizmi.portwatch/ -> https://plugins.omarchy.org/plugin.html?id=io.github.rizmi.portwatch (redirect page)
  + /plugins/io.github.dupontbertrand.omajabra/ -> https://plugins.omarchy.org/plugin.html?id=io.github.dupontbertrand.omajabra (redirect page)
  + /plugins/io.github.gashiartim.devpulse/ -> https://plugins.omarchy.org/plugin.html?id=io.github.gashiartim.devpulse (redirect page)
  + /plugins/dev.cstav.omarchy.plugin.jump-to/ -> https://plugins.omarchy.org/plugin.html?id=dev.cstav.omarchy.plugin.jump-to (redirect page)
  + /plugins/io.github.scottharvey.ripandburn/ -> https://plugins.omarchy.org/plugin.html?id=io.github.scottharvey.ripandburn (redirect page)
  + /plugins/chris.quick-apps/ -> https://plugins.omarchy.org/plugin.html?id=chris.quick-apps (redirect page)
  + /plugins/io.github.luxore.razer-blade/ -> https://plugins.omarchy.org/plugin.html?id=io.github.luxore.razer-blade (redirect page)
  + /plugins/tcballard.surfacecheck/ -> https://plugins.omarchy.org/plugin.html?id=tcballard.surfacecheck (redirect page)
  + /plugins/io.github.bjarkimg.yamaha-avr/ -> https://plugins.omarchy.org/plugin.html?id=io.github.bjarkimg.yamaha-avr (redirect page)
  + /plugins/io.github.aryan-techie.network/ -> https://plugins.omarchy.org/plugin.html?id=io.github.aryan-techie.network (redirect page)
  + /plugins/ignibyte.stay-awake-sessions/ -> https://plugins.omarchy.org/plugin.html?id=ignibyte.stay-awake-sessions (redirect page)
  + /plugins/costafot.markets/ -> https://plugins.omarchy.org/plugin.html?id=costafot.markets (redirect page)
  + /plugins/joelgaff.plain-english/ -> https://plugins.omarchy.org/plugin.html?id=joelgaff.plain-english (redirect page)
  + /plugins/io.github.heyimhere.hardware-panel/ -> https://plugins.omarchy.org/plugin.html?id=io.github.heyimhere.hardware-panel (redirect page)
  + /plugins/io.github.aryan-techie.bluetooth/ -> https://plugins.omarchy.org/plugin.html?id=io.github.aryan-techie.bluetooth (redirect page)
  + /plugins/io.github.invrnt.glyphtap/ -> https://plugins.omarchy.org/plugin.html?id=io.github.invrnt.glyphtap (redirect page)
  + /plugins/io.github.nousd.chime/ -> https://plugins.omarchy.org/plugin.html?id=io.github.nousd.chime (redirect page)
  + /plugins/io.github.alnandr.macbook-fn-keys/ -> https://plugins.omarchy.org/plugin.html?id=io.github.alnandr.macbook-fn-keys (redirect page)
  + /plugins/io.github.aryan-techie.vpn/ -> https://plugins.omarchy.org/plugin.html?id=io.github.aryan-techie.vpn (redirect page)
  + /plugins/io.github.amitcpatel.xeneon-edge/ -> https://plugins.omarchy.org/plugin.html?id=io.github.amitcpatel.xeneon-edge (redirect page)
  + /plugins/dansmith888.bandwidth/ -> https://plugins.omarchy.org/plugin.html?id=dansmith888.bandwidth (redirect page)
  + /plugins/prdlk.beeper/ -> https://plugins.omarchy.org/plugin.html?id=prdlk.beeper (redirect page)
  + /plugins/kigojomo.file-shelf/ -> https://plugins.omarchy.org/plugin.html?id=kigojomo.file-shelf (redirect page)
  + /plugins/gshulga.dashboard/ -> https://plugins.omarchy.org/plugin.html?id=gshulga.dashboard (redirect page)
  + /plugins/leonavas.mouse/ -> https://plugins.omarchy.org/plugin.html?id=leonavas.mouse (redirect page)
  + /plugins/io.github.itsdotdev.youtube-music/ -> https://plugins.omarchy.org/plugin.html?id=io.github.itsdotdev.youtube-music (redirect page)
  + /plugins/ddewolfe.better-omapods/ -> https://plugins.omarchy.org/plugin.html?id=ddewolfe.better-omapods (redirect page)
  + /plugins/io.github.this-is-npc.omapass/ -> https://plugins.omarchy.org/plugin.html?id=io.github.this-is-npc.omapass (redirect page)
  + /plugins/io.github.loupibe.system-monitor/ -> https://plugins.omarchy.org/plugin.html?id=io.github.loupibe.system-monitor (redirect page)
  + /plugins/angus.beeline/ -> https://plugins.omarchy.org/plugin.html?id=angus.beeline (redirect page)
  + /plugins/adolanium.app-homes/ -> https://plugins.omarchy.org/plugin.html?id=adolanium.app-homes (redirect page)
  + /plugins/jampick.system-update/ -> https://plugins.omarchy.org/plugin.html?id=jampick.system-update (redirect page)
  + /plugins/rogergdot.forcequit/ -> https://plugins.omarchy.org/plugin.html?id=rogergdot.forcequit (redirect page)
  + /plugins/shkoki.cfp/ -> https://plugins.omarchy.org/plugin.html?id=shkoki.cfp (redirect page)
  + /plugins/samara-hub-ro.quick-apps/ -> https://plugins.omarchy.org/plugin.html?id=samara-hub-ro.quick-apps (redirect page)
  + /plugins/io.github.iamfitsum.omarchy-proton-vpn/ -> https://plugins.omarchy.org/plugin.html?id=io.github.iamfitsum.omarchy-proton-vpn (redirect page)
  + /plugins/ksxx.liftoff/ -> https://plugins.omarchy.org/plugin.html?id=ksxx.liftoff (redirect page)
  + /plugins/yey3men2.gotify/ -> https://plugins.omarchy.org/plugin.html?id=yey3men2.gotify (redirect page)
  + /plugins/io.github.camerontucker.lenslink/ -> https://plugins.omarchy.org/plugin.html?id=io.github.camerontucker.lenslink (redirect page)
  + /plugins/io.github.expl0sive.soccer/ -> https://plugins.omarchy.org/plugin.html?id=io.github.expl0sive.soccer (redirect page)
  + /plugins/hooji.expose/ -> https://plugins.omarchy.org/plugin.html?id=hooji.expose (redirect page)
  + /plugins/gigasolo.omavoice/ -> https://plugins.omarchy.org/plugin.html?id=gigasolo.omavoice (redirect page)
  + /plugins/samara-hub-ro.keyboard-light/ -> https://plugins.omarchy.org/plugin.html?id=samara-hub-ro.keyboard-light (redirect page)
  + /plugins/omanetwork.center/ -> https://plugins.omarchy.org/plugin.html?id=omanetwork.center (redirect page)
  + /plugins/io.github.maxi8594.omarchy-sec/ -> https://plugins.omarchy.org/plugin.html?id=io.github.maxi8594.omarchy-sec (redirect page)
  + /plugins/gladimdim.ai-limits/ -> https://plugins.omarchy.org/plugin.html?id=gladimdim.ai-limits (redirect page)
  + /plugins/omadisplay.center/ -> https://plugins.omarchy.org/plugin.html?id=omadisplay.center (redirect page)
  + /plugins/omaaudio.center/ -> https://plugins.omarchy.org/plugin.html?id=omaaudio.center (redirect page)
  + /plugins/omabluetooth.center/ -> https://plugins.omarchy.org/plugin.html?id=omabluetooth.center (redirect page)
  + /plugins/io.github.tomfaulkner.recall/ -> https://plugins.omarchy.org/plugin.html?id=io.github.tomfaulkner.recall (redirect page)
  + /plugins/io.github.eliasstravik.omarvis/ -> https://plugins.omarchy.org/plugin.html?id=io.github.eliasstravik.omarvis (redirect page)
  + /plugins/io.github.pjgeutjens.feed-the-flock/ -> https://plugins.omarchy.org/plugin.html?id=io.github.pjgeutjens.feed-the-flock (redirect page)
  + /plugins/oma.sip/ -> https://plugins.omarchy.org/plugin.html?id=oma.sip (redirect page)
  + /plugins/raulonastool.omawild/ -> https://plugins.omarchy.org/plugin.html?id=raulonastool.omawild (redirect page)
  + /plugins/ethanglass.checklist-timer/ -> https://plugins.omarchy.org/plugin.html?id=ethanglass.checklist-timer (redirect page)
  + /plugins/raulonastool.clickwheel/ -> https://plugins.omarchy.org/plugin.html?id=raulonastool.clickwheel (redirect page)
  + /plugins/digitalbase.hyper/ -> https://plugins.omarchy.org/plugin.html?id=digitalbase.hyper (redirect page)
  + /plugins/io.github.hiasinho.poolsuitefm/ -> https://plugins.omarchy.org/plugin.html?id=io.github.hiasinho.poolsuitefm (redirect page)
  + /plugins/andrewscofield.notifications-settings/ -> https://plugins.omarchy.org/plugin.html?id=andrewscofield.notifications-settings (redirect page)
  + /plugins/kokd.sundial/ -> https://plugins.omarchy.org/plugin.html?id=kokd.sundial (redirect page)
  + /plugins/rogergdot.panes/ -> https://plugins.omarchy.org/plugin.html?id=rogergdot.panes (redirect page)
  + /plugins/io.github.dedeanth.mokuzen/ -> https://plugins.omarchy.org/plugin.html?id=io.github.dedeanth.mokuzen (redirect page)
  + /plugins/digitalfrost84.auto-dark-mode/ -> https://plugins.omarchy.org/plugin.html?id=digitalfrost84.auto-dark-mode (redirect page)
  + /plugins/io.github.niraj-envision.touch-bar/ -> https://plugins.omarchy.org/plugin.html?id=io.github.niraj-envision.touch-bar (redirect page)
  + /plugins/daocoding.claude-agent/ -> https://plugins.omarchy.org/plugin.html?id=daocoding.claude-agent (redirect page)
  + /plugins/io.github.johnboscocjt.ramdisk/ -> https://plugins.omarchy.org/plugin.html?id=io.github.johnboscocjt.ramdisk (redirect page)
  + /plugins/cruiser/ -> https://plugins.omarchy.org/plugin.html?id=cruiser (redirect page)
  + /plugins/io.github.vichong.tfnsw-departures/ -> https://plugins.omarchy.org/plugin.html?id=io.github.vichong.tfnsw-departures (redirect page)
  + /plugins/io.github.mfbergmann.tidbyt/ -> https://plugins.omarchy.org/plugin.html?id=io.github.mfbergmann.tidbyt (redirect page)
  + /plugins/io.github.epicbagel.borgbar/ -> https://plugins.omarchy.org/plugin.html?id=io.github.epicbagel.borgbar (redirect page)
  + /plugins/io.github.epicbagel.syncbar/ -> https://plugins.omarchy.org/plugin.html?id=io.github.epicbagel.syncbar (redirect page)
  + /plugins/kiryuuki.oma-pad/ -> https://plugins.omarchy.org/plugin.html?id=kiryuuki.oma-pad (redirect page)
  + /plugins/kiryuuki.oma-calvomi/ -> https://plugins.omarchy.org/plugin.html?id=kiryuuki.oma-calvomi (redirect page)
  + /plugins/steelseries.mouse-controller/ -> https://plugins.omarchy.org/plugin.html?id=steelseries.mouse-controller (redirect page)
  + /plugins/luisreche.pomodoro/ -> https://plugins.omarchy.org/plugin.html?id=luisreche.pomodoro (redirect page)
  + /plugins/io.github.tomfaulkner.remmina/ -> https://plugins.omarchy.org/plugin.html?id=io.github.tomfaulkner.remmina (redirect page)
  + /plugins/io.github.feilian/ -> https://plugins.omarchy.org/plugin.html?id=io.github.feilian (redirect page)
  + /plugins/sunshine144.solar-nightlight/ -> https://plugins.omarchy.org/plugin.html?id=sunshine144.solar-nightlight (redirect page)
  + /plugins/text-transform/ -> https://plugins.omarchy.org/plugin.html?id=text-transform (redirect page)
  + /plugins/davedes.mouse-keybind-settings/ -> https://plugins.omarchy.org/plugin.html?id=davedes.mouse-keybind-settings (redirect page)
  + /plugins/netors.omcron/ -> https://plugins.omarchy.org/plugin.html?id=netors.omcron (redirect page)
  + /plugins/io.github.randallyash.z13-power/ -> https://plugins.omarchy.org/plugin.html?id=io.github.randallyash.z13-power (redirect page)
  + /plugins/kiryuuki.oma-pulse/ -> https://plugins.omarchy.org/plugin.html?id=kiryuuki.oma-pulse (redirect page)
  + /plugins/jaabell.slashlight/ -> https://plugins.omarchy.org/plugin.html?id=jaabell.slashlight (redirect page)
  + /plugins/io.github.rr-codebase.wallpaper-weather/ -> https://plugins.omarchy.org/plugin.html?id=io.github.rr-codebase.wallpaper-weather (redirect page)
  + /plugins/ablanco.notethis/ -> https://plugins.omarchy.org/plugin.html?id=ablanco.notethis (redirect page)
  + /plugins/westy47.hidden-bar/ -> https://plugins.omarchy.org/plugin.html?id=westy47.hidden-bar (redirect page)
  + /plugins/valstar.menu-stats/ -> https://plugins.omarchy.org/plugin.html?id=valstar.menu-stats (redirect page)
  + /plugins/melonamin.audio-priority/ -> https://plugins.omarchy.org/plugin.html?id=melonamin.audio-priority (redirect page)
  + /plugins/lxp.vitals/ -> https://plugins.omarchy.org/plugin.html?id=lxp.vitals (redirect page)
  + /plugins/io.github.tnperron.wired-vlan/ -> https://plugins.omarchy.org/plugin.html?id=io.github.tnperron.wired-vlan (redirect page)
  + /plugins/vitorcanoas.nightlight/ -> https://plugins.omarchy.org/plugin.html?id=vitorcanoas.nightlight (redirect page)
  + /plugins/houz42.plugin-switcher/ -> https://plugins.omarchy.org/plugin.html?id=houz42.plugin-switcher (redirect page)
  + /plugins/io.github.nepomuk-software.energyimpact/ -> https://plugins.omarchy.org/plugin.html?id=io.github.nepomuk-software.energyimpact (redirect page)
  + /plugins/io.github.xshubhamg.omafocus/ -> https://plugins.omarchy.org/plugin.html?id=io.github.xshubhamg.omafocus (redirect page)
  + /plugins/r3mcos3.zsh-aliases/ -> https://plugins.omarchy.org/plugin.html?id=r3mcos3.zsh-aliases (redirect page)
  + /plugins/kudos.span-wallpaper/ -> https://plugins.omarchy.org/plugin.html?id=kudos.span-wallpaper (redirect page)
  + /plugins/io.github.arazgray.omalang/ -> https://plugins.omarchy.org/plugin.html?id=io.github.arazgray.omalang (redirect page)
  + /plugins/rainan16.workspace-touch-swipe/ -> https://plugins.omarchy.org/plugin.html?id=rainan16.workspace-touch-swipe (redirect page)
  + /plugins/io.github.kristijanw.password-generator/ -> https://plugins.omarchy.org/plugin.html?id=io.github.kristijanw.password-generator (redirect page)
  + /plugins/komagata.input-method/ -> https://plugins.omarchy.org/plugin.html?id=komagata.input-method (redirect page)
  + /plugins/io.github.fabean.hey-agenda/ -> https://plugins.omarchy.org/plugin.html?id=io.github.fabean.hey-agenda (redirect page)
  + /plugins/io.github.hank-dev.listen/ -> https://plugins.omarchy.org/plugin.html?id=io.github.hank-dev.listen (redirect page)
  + /plugins/io.github.paulohenrique000.team-matches/ -> https://plugins.omarchy.org/plugin.html?id=io.github.paulohenrique000.team-matches (redirect page)
  + /plugins/harbefas.almanac/ -> https://plugins.omarchy.org/plugin.html?id=harbefas.almanac (redirect page)
  + /plugins/io.github.djunho.zmk-split-battery/ -> https://plugins.omarchy.org/plugin.html?id=io.github.djunho.zmk-split-battery (redirect page)
  + /plugins/io.github.tmartinppc.iconarchy/ -> https://plugins.omarchy.org/plugin.html?id=io.github.tmartinppc.iconarchy (redirect page)
  + /plugins/io.github.adg-ub.bay-transit-board/ -> https://plugins.omarchy.org/plugin.html?id=io.github.adg-ub.bay-transit-board (redirect page)
  + /plugins/io.github.luwojtaszek.alt-tab/ -> https://plugins.omarchy.org/plugin.html?id=io.github.luwojtaszek.alt-tab (redirect page)
  + /plugins/io.github.selfcrypto.wireguard/ -> https://plugins.omarchy.org/plugin.html?id=io.github.selfcrypto.wireguard (redirect page)
  + /plugins/nzkritik.matrix-rain/ -> https://plugins.omarchy.org/plugin.html?id=nzkritik.matrix-rain (redirect page)
  + /plugins/omanetmonitor/ -> https://plugins.omarchy.org/plugin.html?id=omanetmonitor (redirect page)
  + /plugins/io.github.dataknox.music-dock/ -> https://plugins.omarchy.org/plugin.html?id=io.github.dataknox.music-dock (redirect page)
  + /plugins/tsubaie.next-match/ -> https://plugins.omarchy.org/plugin.html?id=tsubaie.next-match (redirect page)
  + /plugins/ghpo.quicknote/ -> https://plugins.omarchy.org/plugin.html?id=ghpo.quicknote (redirect page)
  + /plugins/brams.ollama-status/ -> https://plugins.omarchy.org/plugin.html?id=brams.ollama-status (redirect page)
  + /plugins/io.github.i12bp8.netneighbors/ -> https://plugins.omarchy.org/plugin.html?id=io.github.i12bp8.netneighbors (redirect page)
  + /plugins/gladimdim.air-raid-alert/ -> https://plugins.omarchy.org/plugin.html?id=gladimdim.air-raid-alert (redirect page)
  + /plugins/janrenz.omarchy.teams/ -> https://plugins.omarchy.org/plugin.html?id=janrenz.omarchy.teams (redirect page)
  + /plugins/quran/ -> https://plugins.omarchy.org/plugin.html?id=quran (redirect page)
  + /plugins/ca.orospakr.ec-radar-weather/ -> https://plugins.omarchy.org/plugin.html?id=ca.orospakr.ec-radar-weather (redirect page)
  + /plugins/dailen.omi/ -> https://plugins.omarchy.org/plugin.html?id=dailen.omi (redirect page)
  + /plugins/don.lofiatc/ -> https://plugins.omarchy.org/plugin.html?id=don.lofiatc (redirect page)
  + /plugins/wian47.siphon/ -> https://plugins.omarchy.org/plugin.html?id=wian47.siphon (redirect page)
  + /plugins/io.github.mahziyarng98.jalali-calendar/ -> https://plugins.omarchy.org/plugin.html?id=io.github.mahziyarng98.jalali-calendar (redirect page)
  + /plugins/richardb-quattrograph/ -> https://plugins.omarchy.org/plugin.html?id=richardb-quattrograph (redirect page)
  + /plugins/anydoor.sys-monitor/ -> https://plugins.omarchy.org/plugin.html?id=anydoor.sys-monitor (redirect page)
  + /plugins/io.github.omarchy.monitor-blanker/ -> https://plugins.omarchy.org/plugin.html?id=io.github.omarchy.monitor-blanker (redirect page)
  + /plugins/bert.wisps/ -> https://plugins.omarchy.org/plugin.html?id=bert.wisps (redirect page)
  + /plugins/io.github.kusumaindraputra.achievements/ -> https://plugins.omarchy.org/plugin.html?id=io.github.kusumaindraputra.achievements (redirect page)
  + /plugins/io.github.thetxeagle.oligarchy-lock/ -> https://plugins.omarchy.org/plugin.html?id=io.github.thetxeagle.oligarchy-lock (redirect page)
  + /plugins/io.github.2dennis.zoom-in-out/ -> https://plugins.omarchy.org/plugin.html?id=io.github.2dennis.zoom-in-out (redirect page)
  + /plugins/asdfsnlr.omabrickrace/ -> https://plugins.omarchy.org/plugin.html?id=asdfsnlr.omabrickrace (redirect page)
  + /plugins/io.github.cytracon.shortcuts/ -> https://plugins.omarchy.org/plugin.html?id=io.github.cytracon.shortcuts (redirect page)
  + /plugins/jo.omacheatsheet/ -> https://plugins.omarchy.org/plugin.html?id=jo.omacheatsheet (redirect page)
  + /plugins/intelligentwolf.pop-corner/ -> https://plugins.omarchy.org/plugin.html?id=intelligentwolf.pop-corner (redirect page)
  + /plugins/asdfsnlr.omabricktanks/ -> https://plugins.omarchy.org/plugin.html?id=asdfsnlr.omabricktanks (redirect page)
  + /plugins/io.github.nativeanish.patro/ -> https://plugins.omarchy.org/plugin.html?id=io.github.nativeanish.patro (redirect page)
  + /plugins/io.github.pongalmighty.beattime/ -> https://plugins.omarchy.org/plugin.html?id=io.github.pongalmighty.beattime (redirect page)
  + /plugins/ruan-omarchy.nocom/ -> https://plugins.omarchy.org/plugin.html?id=ruan-omarchy.nocom (redirect page)
  + /plugins/bmg.population-pyramid/ -> https://plugins.omarchy.org/plugin.html?id=bmg.population-pyramid (redirect page)
  + /plugins/delay.lumen/ -> https://plugins.omarchy.org/plugin.html?id=delay.lumen (redirect page)
  + /plugins/plugin-manager/ -> https://plugins.omarchy.org/plugin.html?id=plugin-manager (redirect page)
  + /plugins/shannon.plugin-marketplace/ -> https://plugins.omarchy.org/plugin.html?id=shannon.plugin-marketplace (redirect page)
  + /plugins/ming.simplemonitortool/ -> https://plugins.omarchy.org/plugin.html?id=ming.simplemonitortool (redirect page)
  + /plugins/io.github.rookepoole.systemricer/ -> https://plugins.omarchy.org/plugin.html?id=io.github.rookepoole.systemricer (redirect page)
  + /plugins/archer-nemo.screen-sharing/ -> https://plugins.omarchy.org/plugin.html?id=archer-nemo.screen-sharing (redirect page)
  + /plugins/ptrck.quattro-stats/ -> https://plugins.omarchy.org/plugin.html?id=ptrck.quattro-stats (redirect page)
  + /plugins/kdm.resources/ -> https://plugins.omarchy.org/plugin.html?id=kdm.resources (redirect page)
  + /plugins/oliverox.vercel-deploys/ -> https://plugins.omarchy.org/plugin.html?id=oliverox.vercel-deploys (redirect page)
  + /plugins/nerosong.omabark/ -> https://plugins.omarchy.org/plugin.html?id=nerosong.omabark (redirect page)
  + /plugins/io.github.librael-the-culprit.simple-start-menu/ -> https://plugins.omarchy.org/plugin.html?id=io.github.librael-the-culprit.simple-start-menu (redirect page)
  + /plugins/io.github.softarv.pip/ -> https://plugins.omarchy.org/plugin.html?id=io.github.softarv.pip (redirect page)
  + /plugins/omapaper/ -> https://plugins.omarchy.org/plugin.html?id=omapaper (redirect page)
  + /plugins/austindixson.ominput/ -> https://plugins.omarchy.org/plugin.html?id=austindixson.ominput (redirect page)
  + /plugins/grantabell.mic-gain-audio/ -> https://plugins.omarchy.org/plugin.html?id=grantabell.mic-gain-audio (redirect page)
  + /plugins/humarchy.mouse-mode/ -> https://plugins.omarchy.org/plugin.html?id=humarchy.mouse-mode (redirect page)
  + /plugins/io.github.techluddite.gestures/ -> https://plugins.omarchy.org/plugin.html?id=io.github.techluddite.gestures (redirect page)
  + /plugins/io.github.sergebelov.airwaves/ -> https://plugins.omarchy.org/plugin.html?id=io.github.sergebelov.airwaves (redirect page)
  + /plugins/ewweberlin.quickswitch/ -> https://plugins.omarchy.org/plugin.html?id=ewweberlin.quickswitch (redirect page)
  + /plugins/avibarit.snappy/ -> https://plugins.omarchy.org/plugin.html?id=avibarit.snappy (redirect page)
  + /plugins/aerorohit.nextcloud/ -> https://plugins.omarchy.org/plugin.html?id=aerorohit.nextcloud (redirect page)
  + /plugins/grantabell.mic-gain-microphone/ -> https://plugins.omarchy.org/plugin.html?id=grantabell.mic-gain-microphone (redirect page)
  + /plugins/io.github.cytracon.tilix/ -> https://plugins.omarchy.org/plugin.html?id=io.github.cytracon.tilix (redirect page)
  + /plugins/io.github.gokivego.antigravity-usage/ -> https://plugins.omarchy.org/plugin.html?id=io.github.gokivego.antigravity-usage (redirect page)
  + /plugins/mechurisr.media-search/ -> https://plugins.omarchy.org/plugin.html?id=mechurisr.media-search (redirect page)
  + /plugins/io.github.cytracon.syscare/ -> https://plugins.omarchy.org/plugin.html?id=io.github.cytracon.syscare (redirect page)
  + /plugins/io.github.cytracon.cctv-lite/ -> https://plugins.omarchy.org/plugin.html?id=io.github.cytracon.cctv-lite (redirect page)
  + /plugins/io.github.ellion369.omagent/ -> https://plugins.omarchy.org/plugin.html?id=io.github.ellion369.omagent (redirect page)
  + /plugins/io.github.cytracon.catsync/ -> https://plugins.omarchy.org/plugin.html?id=io.github.cytracon.catsync (redirect page)
  + /plugins/digitaljohn.spond/ -> https://plugins.omarchy.org/plugin.html?id=digitaljohn.spond (redirect page)
  + /plugins/kiryuuki.oma-netscan/ -> https://plugins.omarchy.org/plugin.html?id=kiryuuki.oma-netscan (redirect page)
  + /plugins/wvdominick.starlink/ -> https://plugins.omarchy.org/plugin.html?id=wvdominick.starlink (redirect page)
  + /plugins/lukedaduke.agents/ -> https://plugins.omarchy.org/plugin.html?id=lukedaduke.agents (redirect page)
  + /plugins/io.github.juliusmork-sys.monitor-settings-extender/ -> https://plugins.omarchy.org/plugin.html?id=io.github.juliusmork-sys.monitor-settings-extender (redirect page)
  + /plugins/io.github.shirak-semonian.myip/ -> https://plugins.omarchy.org/plugin.html?id=io.github.shirak-semonian.myip (redirect page)
  + /plugins/anashabbash.fortinet-vpn/ -> https://plugins.omarchy.org/plugin.html?id=anashabbash.fortinet-vpn (redirect page)
  + /plugins/plasticcupgames.omachy-pixels/ -> https://plugins.omarchy.org/plugin.html?id=plasticcupgames.omachy-pixels (redirect page)
  + /plugins/com.github.marvreichmann.omavibrance/ -> https://plugins.omarchy.org/plugin.html?id=com.github.marvreichmann.omavibrance (redirect page)
  + /plugins/wallpicker.grid/ -> https://plugins.omarchy.org/plugin.html?id=wallpicker.grid (redirect page)
  + /plugins/io.github.studioxvii.scout/ -> https://plugins.omarchy.org/plugin.html?id=io.github.studioxvii.scout (redirect page)
  + /plugins/io.github.p-kania.passwd-reminder/ -> https://plugins.omarchy.org/plugin.html?id=io.github.p-kania.passwd-reminder (redirect page)
  + /plugins/zeq0r.cockpit/ -> https://plugins.omarchy.org/plugin.html?id=zeq0r.cockpit (redirect page)
  + /plugins/cswap.accounts/ -> https://plugins.omarchy.org/plugin.html?id=cswap.accounts (redirect page)
  + /plugins/scrimwiggins.terminal-theme-studio/ -> https://plugins.omarchy.org/plugin.html?id=scrimwiggins.terminal-theme-studio (redirect page)
  + /plugins/io.github.studioxvii.intake/ -> https://plugins.omarchy.org/plugin.html?id=io.github.studioxvii.intake (redirect page)
  + /plugins/ai-usage/ -> https://plugins.omarchy.org/plugin.html?id=ai-usage (redirect page)
  + /plugins/ianm.capture-overlay/ -> https://plugins.omarchy.org/plugin.html?id=ianm.capture-overlay (redirect page)
  + /plugins/io.github.shirak-semonian.deepspend/ -> https://plugins.omarchy.org/plugin.html?id=io.github.shirak-semonian.deepspend (redirect page)
  + /plugins/io.github.chrisroundhill.omathlete/ -> https://plugins.omarchy.org/plugin.html?id=io.github.chrisroundhill.omathlete (redirect page)
  + /plugins/io.github.alexanderpuschkinberlin.keyboard-backlight/ -> https://plugins.omarchy.org/plugin.html?id=io.github.alexanderpuschkinberlin.keyboard-backlight (redirect page)
  + /plugins/jmthomas00.waveform/ -> https://plugins.omarchy.org/plugin.html?id=jmthomas00.waveform (redirect page)
  + /plugins/solfredag.changing-lines/ -> https://plugins.omarchy.org/plugin.html?id=solfredag.changing-lines (redirect page)
  + /plugins/io.github.johnsideserf.h4x0r/ -> https://plugins.omarchy.org/plugin.html?id=io.github.johnsideserf.h4x0r (redirect page)
  + /plugins/nshkr.beam-deck/ -> https://plugins.omarchy.org/plugin.html?id=nshkr.beam-deck (redirect page)
  + /plugins/iamcheyan.lock-screen/ -> https://plugins.omarchy.org/plugin.html?id=iamcheyan.lock-screen (redirect page)
  + /plugins/io.github.tymurbogach.any-monitor/ -> https://plugins.omarchy.org/plugin.html?id=io.github.tymurbogach.any-monitor (redirect page)
  + /plugins/io.github.lonegeekranger.pop-this-binding/ -> https://plugins.omarchy.org/plugin.html?id=io.github.lonegeekranger.pop-this-binding (redirect page)
  + /plugins/io.github.e1i3or-commits.scrim/ -> https://plugins.omarchy.org/plugin.html?id=io.github.e1i3or-commits.scrim (redirect page)
  + /plugins/firstpick.keybindings/ -> https://plugins.omarchy.org/plugin.html?id=firstpick.keybindings (redirect page)
  + /plugins/io.github.bert0424.sigil/ -> https://plugins.omarchy.org/plugin.html?id=io.github.bert0424.sigil (redirect page)
  + /plugins/io.github.mahziyarng98.gravity/ -> https://plugins.omarchy.org/plugin.html?id=io.github.mahziyarng98.gravity (redirect page)
  + /plugins/io.github.saiaungminkhant.nothing-buds/ -> https://plugins.omarchy.org/plugin.html?id=io.github.saiaungminkhant.nothing-buds (redirect page)
  + /plugins/hehh2001.tailscale-plus/ -> https://plugins.omarchy.org/plugin.html?id=hehh2001.tailscale-plus (redirect page)
  + /plugins/larrywcox.site-thread/ -> https://plugins.omarchy.org/plugin.html?id=larrywcox.site-thread (redirect page)
  + /plugins/josejaguirre.bar/ -> https://plugins.omarchy.org/plugin.html?id=josejaguirre.bar (redirect page)
  + /plugins/siob.power-actions/ -> https://plugins.omarchy.org/plugin.html?id=siob.power-actions (redirect page)
  + /plugins/caiohat.pen/ -> https://plugins.omarchy.org/plugin.html?id=caiohat.pen (redirect page)
  + /plugins/xyz.nowah.travel/ -> https://plugins.omarchy.org/plugin.html?id=xyz.nowah.travel (redirect page)
  + /plugins/anders.appletv-remote/ -> https://plugins.omarchy.org/plugin.html?id=anders.appletv-remote (redirect page)
  + /plugins/io.github.irhop.mouse-odometer/ -> https://plugins.omarchy.org/plugin.html?id=io.github.irhop.mouse-odometer (redirect page)
  + /plugins/pb.punch/ -> https://plugins.omarchy.org/plugin.html?id=pb.punch (redirect page)
  + /plugins/dechnik.zabbix/ -> https://plugins.omarchy.org/plugin.html?id=dechnik.zabbix (redirect page)
  + /plugins/illegalstudio.omarchy-insta360/ -> https://plugins.omarchy.org/plugin.html?id=illegalstudio.omarchy-insta360 (redirect page)
  + /plugins/com.zondor.tidalweb/ -> https://plugins.omarchy.org/plugin.html?id=com.zondor.tidalweb (redirect page)
  + /plugins/crmne.omastats/ -> https://plugins.omarchy.org/plugin.html?id=crmne.omastats (redirect page)
  + /plugins/io.github.anes-03.keyboard-brightness/ -> https://plugins.omarchy.org/plugin.html?id=io.github.anes-03.keyboard-brightness (redirect page)
  + /plugins/io.github.andreireanu.parquet/ -> https://plugins.omarchy.org/plugin.html?id=io.github.andreireanu.parquet (redirect page)
  + /plugins/io.github.kkoontz.omarchy-news-rss/ -> https://plugins.omarchy.org/plugin.html?id=io.github.kkoontz.omarchy-news-rss (redirect page)
  + /plugins/omarchy-unicode-picker/ -> https://plugins.omarchy.org/plugin.html?id=omarchy-unicode-picker (redirect page)
  + /plugins/io.github.kusumaindraputra.daily-deen/ -> https://plugins.omarchy.org/plugin.html?id=io.github.kusumaindraputra.daily-deen (redirect page)
  + /plugins/meviusisback.hw-monitor/ -> https://plugins.omarchy.org/plugin.html?id=meviusisback.hw-monitor (redirect page)
  + /plugins/io.github.thelost77.omacourier/ -> https://plugins.omarchy.org/plugin.html?id=io.github.thelost77.omacourier (redirect page)
  + /plugins/io.github.0x1ocean.server-mode/ -> https://plugins.omarchy.org/plugin.html?id=io.github.0x1ocean.server-mode (redirect page)
  + /plugins/io.github.digitalbase.tailscale-services/ -> https://plugins.omarchy.org/plugin.html?id=io.github.digitalbase.tailscale-services (redirect page)
  + /plugins/io.github.ollieedgeley.ai-frontier-status/ -> https://plugins.omarchy.org/plugin.html?id=io.github.ollieedgeley.ai-frontier-status (redirect page)
  + /plugins/io.github.bprendie.faraday/ -> https://plugins.omarchy.org/plugin.html?id=io.github.bprendie.faraday (redirect page)
  + /plugins/io.github.luizeof.omarchy-sshmanager/ -> https://plugins.omarchy.org/plugin.html?id=io.github.luizeof.omarchy-sshmanager (redirect page)
  + /plugins/io.github.elgevan.kids-menu/ -> https://plugins.omarchy.org/plugin.html?id=io.github.elgevan.kids-menu (redirect page)
  + /plugins/slw.keyarchy/ -> https://plugins.omarchy.org/plugin.html?id=slw.keyarchy (redirect page)
  + /plugins/qol-desktop-plus/ -> https://plugins.omarchy.org/plugin.html?id=qol-desktop-plus (redirect page)
  + /plugins/karamble.demarchy/ -> https://plugins.omarchy.org/plugin.html?id=karamble.demarchy (redirect page)
  + /plugins/dome.power/ -> https://plugins.omarchy.org/plugin.html?id=dome.power (redirect page)
  + /plugins/io.github.stackingturtles.t480batteries/ -> https://plugins.omarchy.org/plugin.html?id=io.github.stackingturtles.t480batteries (redirect page)
  + /plugins/io.github.joshuaswarren.omaloop/ -> https://plugins.omarchy.org/plugin.html?id=io.github.joshuaswarren.omaloop (redirect page)
  + /plugins/io.github.shirak-semonian.nvag/ -> https://plugins.omarchy.org/plugin.html?id=io.github.shirak-semonian.nvag (redirect page)
  + /plugins/leoom.omarchygram/ -> https://plugins.omarchy.org/plugin.html?id=leoom.omarchygram (redirect page)
  + /plugins/io.github.rial0.gpu-status/ -> https://plugins.omarchy.org/plugin.html?id=io.github.rial0.gpu-status (redirect page)
  + /plugins/vitor.perfo/ -> https://plugins.omarchy.org/plugin.html?id=vitor.perfo (redirect page)
  + /plugins/io.github.martlets.stay-clean/ -> https://plugins.omarchy.org/plugin.html?id=io.github.martlets.stay-clean (redirect page)
  + /plugins/io.github.crsmthw.omageddon/ -> https://plugins.omarchy.org/plugin.html?id=io.github.crsmthw.omageddon (redirect page)
  + /plugins/rame0.workspace-icons/ -> https://plugins.omarchy.org/plugin.html?id=rame0.workspace-icons (redirect page)
  + /plugins/io.github.ok.omakoe/ -> https://plugins.omarchy.org/plugin.html?id=io.github.ok.omakoe (redirect page)
  + /plugins/io.github.cytracon.zoom-space/ -> https://plugins.omarchy.org/plugin.html?id=io.github.cytracon.zoom-space (redirect page)
  + /plugins/io.github.tonybeal40.fieldknown/ -> https://plugins.omarchy.org/plugin.html?id=io.github.tonybeal40.fieldknown (redirect page)
  + /plugins/shahin.daybook/ -> https://plugins.omarchy.org/plugin.html?id=shahin.daybook (redirect page)
  + /plugins/atsokolas.munger/ -> https://plugins.omarchy.org/plugin.html?id=atsokolas.munger (redirect page)
  + /plugins/ollywarren.prompt-guide/ -> https://plugins.omarchy.org/plugin.html?id=ollywarren.prompt-guide (redirect page)
  + /plugins/evan.wsapps/ -> https://plugins.omarchy.org/plugin.html?id=evan.wsapps (redirect page)
  + /plugins/io.github.alront.agent-folder-picker/ -> https://plugins.omarchy.org/plugin.html?id=io.github.alront.agent-folder-picker (redirect page)
  + /plugins/idan.folder-favorites/ -> https://plugins.omarchy.org/plugin.html?id=idan.folder-favorites (redirect page)
  + /plugins/wolften.youtube-music/ -> https://plugins.omarchy.org/plugin.html?id=wolften.youtube-music (redirect page)
  + /plugins/io.github.saikomantisu.todos/ -> https://plugins.omarchy.org/plugin.html?id=io.github.saikomantisu.todos (redirect page)
  + /plugins/kc.omarchy-menubar-manager/ -> https://plugins.omarchy.org/plugin.html?id=kc.omarchy-menubar-manager (redirect page)
  + /plugins/bauta.readbrick/ -> https://plugins.omarchy.org/plugin.html?id=bauta.readbrick (redirect page)
  + /plugins/pingscope.latency/ -> https://plugins.omarchy.org/plugin.html?id=pingscope.latency (redirect page)
  + /plugins/hehh2001.lunar-clock/ -> https://plugins.omarchy.org/plugin.html?id=hehh2001.lunar-clock (redirect page)
  + /plugins/io.github.franck.omapower/ -> https://plugins.omarchy.org/plugin.html?id=io.github.franck.omapower (redirect page)
  + /plugins/ozdil.omarank/ -> https://plugins.omarchy.org/plugin.html?id=ozdil.omarank (redirect page)
  + /plugins/io.github.evindor.keystroke-timer/ -> https://plugins.omarchy.org/plugin.html?id=io.github.evindor.keystroke-timer (redirect page)
  + /plugins/omarchy-multi-output/ -> https://plugins.omarchy.org/plugin.html?id=omarchy-multi-output (redirect page)
  + /plugins/io.github.aesko.ichi/ -> https://plugins.omarchy.org/plugin.html?id=io.github.aesko.ichi (redirect page)
  + /plugins/ollywarren.sparks/ -> https://plugins.omarchy.org/plugin.html?id=ollywarren.sparks (redirect page)
  + /plugins/george.omarkmeter/ -> https://plugins.omarchy.org/plugin.html?id=george.omarkmeter (redirect page)
  + /plugins/vt.spot/ -> https://plugins.omarchy.org/plugin.html?id=vt.spot (redirect page)
  + /plugins/io.github.mohuddle.overhead/ -> https://plugins.omarchy.org/plugin.html?id=io.github.mohuddle.overhead (redirect page)
  + /plugins/andersdosen.imdbsearch/ -> https://plugins.omarchy.org/plugin.html?id=andersdosen.imdbsearch (redirect page)
  + /plugins/io.github.wookelvin.workspace-swipe/ -> https://plugins.omarchy.org/plugin.html?id=io.github.wookelvin.workspace-swipe (redirect page)
  + /plugins/bronder.metronome/ -> https://plugins.omarchy.org/plugin.html?id=bronder.metronome (redirect page)
  + /plugins/data-goblin.fileblade-skills/ -> https://plugins.omarchy.org/plugin.html?id=data-goblin.fileblade-skills (redirect page)
  + /plugins/ricardosuman.pretty-screenshot/ -> https://plugins.omarchy.org/plugin.html?id=ricardosuman.pretty-screenshot (redirect page)
  + /plugins/io.github.larrywcox.gods-eye-view/ -> https://plugins.omarchy.org/plugin.html?id=io.github.larrywcox.gods-eye-view (redirect page)
  + /plugins/brownfamilysports.crook/ -> https://plugins.omarchy.org/plugin.html?id=brownfamilysports.crook (redirect page)
  + /plugins/io.github.adembenabdallah.port-manager/ -> https://plugins.omarchy.org/plugin.html?id=io.github.adembenabdallah.port-manager (redirect page)
  + /plugins/paudelsamir.minimize-pill/ -> https://plugins.omarchy.org/plugin.html?id=paudelsamir.minimize-pill (redirect page)
  + /plugins/sidath.estimation-gym/ -> https://plugins.omarchy.org/plugin.html?id=sidath.estimation-gym (redirect page)
  + /plugins/dimef.oncekey/ -> https://plugins.omarchy.org/plugin.html?id=dimef.oncekey (redirect page)
  + /plugins/keybindings.king/ -> https://plugins.omarchy.org/plugin.html?id=keybindings.king (redirect page)
  + /plugins/io.github.brinksmatt.worktimer/ -> https://plugins.omarchy.org/plugin.html?id=io.github.brinksmatt.worktimer (redirect page)
  + /plugins/io.github.librael-the-culprit.simple-task-bar/ -> https://plugins.omarchy.org/plugin.html?id=io.github.librael-the-culprit.simple-task-bar (redirect page)
  + /plugins/bjcatar.garden/ -> https://plugins.omarchy.org/plugin.html?id=bjcatar.garden (redirect page)
  + /plugins/io.github.rliessum.luxafor-dot/ -> https://plugins.omarchy.org/plugin.html?id=io.github.rliessum.luxafor-dot (redirect page)
  + /plugins/io.github.geoochi.theme-sync/ -> https://plugins.omarchy.org/plugin.html?id=io.github.geoochi.theme-sync (redirect page)
  + /plugins/vimarchy/ -> https://plugins.omarchy.org/plugin.html?id=vimarchy (redirect page)
  + /plugins/avalgott.gnome-like-workspaces/ -> https://plugins.omarchy.org/plugin.html?id=avalgott.gnome-like-workspaces (redirect page)
  + /plugins/io.github.adamtcroft.pipewire-control/ -> https://plugins.omarchy.org/plugin.html?id=io.github.adamtcroft.pipewire-control (redirect page)
  + /plugins/jankeesvw.nag/ -> https://plugins.omarchy.org/plugin.html?id=jankeesvw.nag (redirect page)
  + /plugins/axel.window-close-buttons/ -> https://plugins.omarchy.org/plugin.html?id=axel.window-close-buttons (redirect page)
  + /plugins/oliverlukschander.mac-option/ -> https://plugins.omarchy.org/plugin.html?id=oliverlukschander.mac-option (redirect page)
  + /plugins/omapalette/ -> https://plugins.omarchy.org/plugin.html?id=omapalette (redirect page)
  + /plugins/perfektnacht.glow-studio/ -> https://plugins.omarchy.org/plugin.html?id=perfektnacht.glow-studio (redirect page)
  + /plugins/mateus.omaplug/ -> https://plugins.omarchy.org/plugin.html?id=mateus.omaplug (redirect page)
  + /plugins/io.github.paulsp94.omakeychron/ -> https://plugins.omarchy.org/plugin.html?id=io.github.paulsp94.omakeychron (redirect page)
  + /plugins/io.github.imargorsi.quran-verse/ -> https://plugins.omarchy.org/plugin.html?id=io.github.imargorsi.quran-verse (redirect page)
  + /plugins/yenst.nightswatch/ -> https://plugins.omarchy.org/plugin.html?id=yenst.nightswatch (redirect page)
  + /plugins/io.github.beijingrong.red-chamber-petals/ -> https://plugins.omarchy.org/plugin.html?id=io.github.beijingrong.red-chamber-petals (redirect page)
  + /plugins/omafile.menu/ -> https://plugins.omarchy.org/plugin.html?id=omafile.menu (redirect page)
  + /plugins/skuthus.workspace-pillswap/ -> https://plugins.omarchy.org/plugin.html?id=skuthus.workspace-pillswap (redirect page)
  + /plugins/anders81fin.omfasty/ -> https://plugins.omarchy.org/plugin.html?id=anders81fin.omfasty (redirect page)
  + /plugins/io.github.philippbellia.coffee-tracker/ -> https://plugins.omarchy.org/plugin.html?id=io.github.philippbellia.coffee-tracker (redirect page)
  + /plugins/io.github.surfacedp.xmb-menu/ -> https://plugins.omarchy.org/plugin.html?id=io.github.surfacedp.xmb-menu (redirect page)
  + /plugins/nick1udwig.desktops/ -> https://plugins.omarchy.org/plugin.html?id=nick1udwig.desktops (redirect page)
  + /plugins/io.github.s-w-3.soundcore/ -> https://plugins.omarchy.org/plugin.html?id=io.github.s-w-3.soundcore (redirect page)
  + /plugins/odocky/ -> https://plugins.omarchy.org/plugin.html?id=odocky (redirect page)
  + /plugins/mluva.dictation/ -> https://plugins.omarchy.org/plugin.html?id=mluva.dictation (redirect page)
  + /plugins/mbilenko.sol/ -> https://plugins.omarchy.org/plugin.html?id=mbilenko.sol (redirect page)
  + /plugins/dev.tumbleweed.nws-weather/ -> https://plugins.omarchy.org/plugin.html?id=dev.tumbleweed.nws-weather (redirect page)
  + /plugins/jordan.workspaces/ -> https://plugins.omarchy.org/plugin.html?id=jordan.workspaces (redirect page)
  + /plugins/io.github.ztrek7.system-metrics/ -> https://plugins.omarchy.org/plugin.html?id=io.github.ztrek7.system-metrics (redirect page)
  + /plugins/io.github.cyprusad.vox-hal/ -> https://plugins.omarchy.org/plugin.html?id=io.github.cyprusad.vox-hal (redirect page)
  + /plugins/digitalbase.openrouter-plus-improved/ -> https://plugins.omarchy.org/plugin.html?id=digitalbase.openrouter-plus-improved (redirect page)
  + /plugins/thatpikaga.aurabind/ -> https://plugins.omarchy.org/plugin.html?id=thatpikaga.aurabind (redirect page)
  + /plugins/clouddown.cobalt/ -> https://plugins.omarchy.org/plugin.html?id=clouddown.cobalt (redirect page)
  + /plugins/glorics.grok-bots/ -> https://plugins.omarchy.org/plugin.html?id=glorics.grok-bots (redirect page)
  + /plugins/harryxu.dropspace/ -> https://plugins.omarchy.org/plugin.html?id=harryxu.dropspace (redirect page)
  + /plugins/io.github.0bsolescence.lifeos-glance/ -> https://plugins.omarchy.org/plugin.html?id=io.github.0bsolescence.lifeos-glance (redirect page)
  + /plugins/io.github.thomasvez.proximity/ -> https://plugins.omarchy.org/plugin.html?id=io.github.thomasvez.proximity (redirect page)
  + /plugins/io.github.rr-codebase.utter/ -> https://plugins.omarchy.org/plugin.html?id=io.github.rr-codebase.utter (redirect page)
  + /plugins/ignibyte.kids-clock/ -> https://plugins.omarchy.org/plugin.html?id=ignibyte.kids-clock (redirect page)
  + /plugins/luismelo.vox-portrait/ -> https://plugins.omarchy.org/plugin.html?id=luismelo.vox-portrait (redirect page)
  + /plugins/io.github.i12bp8.fmhy-deck/ -> https://plugins.omarchy.org/plugin.html?id=io.github.i12bp8.fmhy-deck (redirect page)
  + /plugins/paudelsamir.agebar/ -> https://plugins.omarchy.org/plugin.html?id=paudelsamir.agebar (redirect page)
  + /plugins/io.github.antoniowav.appsweep/ -> https://plugins.omarchy.org/plugin.html?id=io.github.antoniowav.appsweep (redirect page)
  + /plugins/io.github.qwlp.workspace-apps/ -> https://plugins.omarchy.org/plugin.html?id=io.github.qwlp.workspace-apps (redirect page)
  + /plugins/yewho.voice-note/ -> https://plugins.omarchy.org/plugin.html?id=yewho.voice-note (redirect page)
  + /plugins/saipraneethpb1.lamp/ -> https://plugins.omarchy.org/plugin.html?id=saipraneethpb1.lamp (redirect page)
  + /plugins/io.github.pjgeutjens.sticky-focus/ -> https://plugins.omarchy.org/plugin.html?id=io.github.pjgeutjens.sticky-focus (redirect page)
  + /plugins/spacexrace.worldclock/ -> https://plugins.omarchy.org/plugin.html?id=spacexrace.worldclock (redirect page)
  + /plugins/com.github.marvreichmann.omathought/ -> https://plugins.omarchy.org/plugin.html?id=com.github.marvreichmann.omathought (redirect page)
  + /plugins/janaki-sasidhar.codex-lb/ -> https://plugins.omarchy.org/plugin.html?id=janaki-sasidhar.codex-lb (redirect page)
  + /plugins/bbachmann.foot-bookmarks/ -> https://plugins.omarchy.org/plugin.html?id=bbachmann.foot-bookmarks (redirect page)
  + /plugins/harshith.dynamic-island/ -> https://plugins.omarchy.org/plugin.html?id=harshith.dynamic-island (redirect page)
  + /plugins/omarchy-keycaps/ -> https://plugins.omarchy.org/plugin.html?id=omarchy-keycaps (redirect page)
  + /plugins/harshith.devquest/ -> https://plugins.omarchy.org/plugin.html?id=harshith.devquest (redirect page)
  + /plugins/harshith.autoheal/ -> https://plugins.omarchy.org/plugin.html?id=harshith.autoheal (redirect page)
  + /plugins/io.github.baelter.display-arrange/ -> https://plugins.omarchy.org/plugin.html?id=io.github.baelter.display-arrange (redirect page)
  + /plugins/eduard.cooler-control/ -> https://plugins.omarchy.org/plugin.html?id=eduard.cooler-control (redirect page)
  + /plugins/io.github.austindixson.touchbar/ -> https://plugins.omarchy.org/plugin.html?id=io.github.austindixson.touchbar (redirect page)
  + /plugins/hoppcx.op1we/ -> https://plugins.omarchy.org/plugin.html?id=hoppcx.op1we (redirect page)
  + /plugins/reedme.blackshark/ -> https://plugins.omarchy.org/plugin.html?id=reedme.blackshark (redirect page)
  + /plugins/kiryuuki.oma-immich/ -> https://plugins.omarchy.org/plugin.html?id=kiryuuki.oma-immich (redirect page)
  + /plugins/omarchy.active-window/ -> https://plugins.omarchy.org/plugin.html?id=omarchy.active-window (redirect page)
  + /plugins/omarchy.agents/ -> https://plugins.omarchy.org/plugin.html?id=omarchy.agents (redirect page)
  + /plugins/omarchy.audio/ -> https://plugins.omarchy.org/plugin.html?id=omarchy.audio (redirect page)
  + /plugins/omarchy.background/ -> https://plugins.omarchy.org/plugin.html?id=omarchy.background (redirect page)
  + /plugins/omarchy.bar/ -> https://plugins.omarchy.org/plugin.html?id=omarchy.bar (redirect page)
  + /plugins/omarchy.battery/ -> https://plugins.omarchy.org/plugin.html?id=omarchy.battery (redirect page)
  + /plugins/omarchy.bluetooth/ -> https://plugins.omarchy.org/plugin.html?id=omarchy.bluetooth (redirect page)
  + /plugins/omarchy.clipboard/ -> https://plugins.omarchy.org/plugin.html?id=omarchy.clipboard (redirect page)
  + /plugins/omarchy.clock/ -> https://plugins.omarchy.org/plugin.html?id=omarchy.clock (redirect page)
  + /plugins/omarchy.disk-speedtest/ -> https://plugins.omarchy.org/plugin.html?id=omarchy.disk-speedtest (redirect page)
  + /plugins/omarchy.monitor/ -> https://plugins.omarchy.org/plugin.html?id=omarchy.monitor (redirect page)
  + /plugins/omarchy.dropbox/ -> https://plugins.omarchy.org/plugin.html?id=omarchy.dropbox (redirect page)
  + /plugins/omarchy.emojis/ -> https://plugins.omarchy.org/plugin.html?id=omarchy.emojis (redirect page)
  + /plugins/omarchy.idle/ -> https://plugins.omarchy.org/plugin.html?id=omarchy.idle (redirect page)
  + /plugins/omarchy.image-picker/ -> https://plugins.omarchy.org/plugin.html?id=omarchy.image-picker (redirect page)
  + /plugins/omarchy.indicators/ -> https://plugins.omarchy.org/plugin.html?id=omarchy.indicators (redirect page)
  + /plugins/omarchy.keyboard-layout/ -> https://plugins.omarchy.org/plugin.html?id=omarchy.keyboard-layout (redirect page)
  + /plugins/omarchy.lock/ -> https://plugins.omarchy.org/plugin.html?id=omarchy.lock (redirect page)
  + /plugins/omarchy.media/ -> https://plugins.omarchy.org/plugin.html?id=omarchy.media (redirect page)
  + /plugins/omarchy.microphone/ -> https://plugins.omarchy.org/plugin.html?id=omarchy.microphone (redirect page)
  + /plugins/omarchy.network/ -> https://plugins.omarchy.org/plugin.html?id=omarchy.network (redirect page)
  + /plugins/omarchy.nightlight/ -> https://plugins.omarchy.org/plugin.html?id=omarchy.nightlight (redirect page)
  + /plugins/omarchy.notifications/ -> https://plugins.omarchy.org/plugin.html?id=omarchy.notifications (redirect page)
  + /plugins/omarchy.menu/ -> https://plugins.omarchy.org/plugin.html?id=omarchy.menu (redirect page)
  + /plugins/omarchy.system-update/ -> https://plugins.omarchy.org/plugin.html?id=omarchy.system-update (redirect page)
  + /plugins/omarchy.osd/ -> https://plugins.omarchy.org/plugin.html?id=omarchy.osd (redirect page)
  + /plugins/omarchy.polkit/ -> https://plugins.omarchy.org/plugin.html?id=omarchy.polkit (redirect page)
  + /plugins/omarchy.power/ -> https://plugins.omarchy.org/plugin.html?id=omarchy.power (redirect page)
  + /plugins/omarchy.reminders/ -> https://plugins.omarchy.org/plugin.html?id=omarchy.reminders (redirect page)
  + /plugins/omarchy.spacer/ -> https://plugins.omarchy.org/plugin.html?id=omarchy.spacer (redirect page)
  + /plugins/omarchy.speedtest/ -> https://plugins.omarchy.org/plugin.html?id=omarchy.speedtest (redirect page)
  + /plugins/omarchy.tray/ -> https://plugins.omarchy.org/plugin.html?id=omarchy.tray (redirect page)
  + /plugins/omarchy.tailscale/ -> https://plugins.omarchy.org/plugin.html?id=omarchy.tailscale (redirect page)
  + /plugins/omarchy.weather/ -> https://plugins.omarchy.org/plugin.html?id=omarchy.weather (redirect page)
  + /plugins/omarchy.wifiqr/ -> https://plugins.omarchy.org/plugin.html?id=omarchy.wifiqr (redirect page)
  + /plugins/omarchy.workspaces/ -> https://plugins.omarchy.org/plugin.html?id=omarchy.workspaces (redirect page)
assemble: dist/te ok
